页码,标题,作者,时间
1,从30多跌到18块多，好像跌了不少，要知道它是从10块涨上来的，记得之前股价只有,未知,04-04 10:21
1,券商板块成为了社保基金四季度最明显的进攻阵地！不信？可以自己妙想一下，也可以豆包,未知,04-04 11:55
1,4.7至少跌3-5个点,未知,04-04 03:58
1,重要信号：证券指数周线十连跌 创历史新纪录！估值处于历史低位,未知,03-27 04:58
1,我一个空仓半个月的，就喜欢在这个吧玩，涨跌无所谓，热闹，最热闹的吧，没有之一,未知,04-04 04:00
1,月线七连阴，如果是牛市，那至少会回到前高附近，如果是熊市，也会有暴力反弹，已经这,未知,04-04 06:44
1,地量地价，底部振荡，想18.18抄底，主力不会让小散占便宜。,未知,04-04 01:44
1,人气这么高要涨停？,未知,04-04 03:26
1,复盘本轮下跌趋势中，散户最可能抄底的点位2/2号22.53/5号21.014/3,未知,04-04 02:26
1,满仓干了，赌一把,未知,04-04 03:39
1,今天,未知,04-04 01:17
1,东财这波从9快多拉到31，已经主力赚麻了。现在又和之前一样一路阴跌派发筹码，可怜,未知,04-04 06:05
1,9块见底,未知,04-04 08:12
1,这玩意如果下周把去年4月份的18.12破了，直接走,未知,04-04 10:16
1,有资深经验的老手出来说说，这几个月相较924行情之前几个月对比怎么样？是不是算不,未知,04-04 01:38
1,这个月很拉胯，对不起大家，小诸葛有愧,未知,04-04 10:57
1,此股当前处于250亿融资盘主动去杠杆过程中，下跌趋势不会扭转，但主动去杆杆比被打,未知,04-02 12:19
1,去年第一批询价转让的1.588亿股份解禁日是今年1月24日。至今股价下跌百分之2,未知,04-04 10:40
1,东方财富的基金持有情况较为分散，但部分指数型ETF基金持股比例较高。根据2025,未知,04-04 02:46
1,假如IPO当天买入持有至今那岂不是发财了？早就财务自由了吧？,未知,04-04 02:25
1,4月7号基金解禁赛跑啦，减持的亏损已超过20%，必须平仓，预估开盘跌三个点，然后,未知,04-04 12:08
1,量化一限制最直接利空券券！毋庸置疑！！,未知,04-04 12:26
1,明明看不懂这个公司的股票，确想靠这个公司的股票赚钱,未知,04-03 05:17
1,我在山顶，30的本。一股不卖。60见,未知,04-03 09:41
1,今年必然回到8元,未知,04-03 11:36
1,你这话20多的时候就有人说过了,未知,04-04 12:06
1,这里面有几个高手跌破20元，赿跌越买，现在仓位应该是很重了,未知,04-04 12:01
1,这才叫重合度,未知,03-27 02:12
1,我也一样,未知,04-04 11:26
1,这个走势等大跌吧,未知,04-04 11:25
1,战友们，我要来抄底了，破18毫不犹豫，买5层，17梭哈，35跑路，哈哈，爽,未知,04-04 07:52
1,狂赚2194亿元股价却跌得“头疼”！2025券商业绩爆表背后 4月抄底还是跑路？,未知,03-30 08:17
1,从机构关注度来看，近六个月累计共18家机构发布了东方财富的研究报告，预测2026,未知,04-02 04:16
1,M顶成立，券商往往是先锋部队。,未知,04-04 09:43
1,东方财富:2026年4月3日投资者关系活动附件之2025年度网上业绩说明会实录,未知,04-03 09:13
1,握草，证券还没牛呢就没了,未知,04-04 10:11
1,看了这个走势，只能感叹，从来没变过，散户永远觉得这次不一样，投资选择大于努力，还,未知,04-04 10:14
1,下周反弹开始，今天收盘所有周期，包括月线wr都是100.周线，各个wr都是100,未知,04-03 05:12
1,卖就卖了，我就不信连跌了九个月的票，我一卖就涨,未知,04-04 09:42
1,中信东财股东们，我是阿牛。你是谁？,未知,04-04 08:24
1,超卖区的价格在17块钱出头，真狠。支撑直接砸破,未知,04-04 09:03
1,兄弟们，还记得12元的吗？我是记忆犹新了,未知,04-04 08:55
1,有啥利空嘛？,未知,04-04 08:13
1,有本事跌回12元我再加30手,未知,04-04 08:09
1,总不会跌回16.8吧？,未知,04-03 11:54
1,国联民生，秒板助攻板块,未知,04-03 11:58
1,下定决心了，打算节后清仓，历史上每次都是一卖就涨，不知道这次会不会也这么点背。如,未知,04-03 06:50
1,人性最大的恶就是贪婪，明知道这是底部，还想要逼投资者割肉出局，自己默默建仓抢筹。,未知,04-03 09:58
1,就看4月10号以后的外围，大A在那个时候会开始脱敏，脱敏后券商就会拉指数了。,未知,04-03 11:56
1,10块钱指日可待。,未知,04-04 08:00
1,东方财富：高度重视AI算力基础设施建设 目前算力储备充足,未知,04-04 07:47
1,有一个假的静神冒充我，我从24年8月开始9快多开始买买买，现在东财又开始阴跌了，,未知,04-02 06:44
1,曾经我在10元以下唱叫大家买买买，然后涨了三倍，现在我又来说下跌空间还有，观望为,未知,04-02 05:48
1,翻一遍所有券商，现在价格是924上涨前的120%左右，冬豺价格是924前价格的两,未知,04-03 08:56
1,悲哀的是跌到现在手里没钱补仓了,未知,04-04 05:31
1,如果下周二再跌是不是和4.7新政策量化减少有关下？,未知,04-03 10:31
1,多看少动，切忌左侧交易抄底，耐心等待放量右侧交易！,未知,04-04 02:04
1,站起来（5、10均线支撑价位）、还要继续观察它盘口语言，甄别真假辨别交易额变化，,未知,04-04 02:03
1,建议静神禁言，同意点赞,未知,04-03 10:46
1,证券金融该动一动了。,未知,04-03 09:48
1,下周进行左侧交易，分批次建仓。在第一根大阳前完成六成仓位。盼好运,未知,04-04 12:46
1,真是磨磨唧唧的，快点到10块9块，我好浮亏加仓,未知,04-04 12:42
1,割肉了，亏2W走了,未知,04-04 12:24
2,券商,未知,04-03 11:41
2,【东方财富：目前没有并购计划，未收到新的减持计划】4月3日下午，东方财富在线上召,未知,04-03 11:23
2,不把融资盘按到底爆，不会结束的,未知,03-26 10:59
2,东方财富2024年十月八号行情就结束了，然后二次骗线后，进人下跌，到目前都是高估,未知,04-03 10:59
2,什么是韭菜客？就是止损行为，看似贬义词，然炒短确也好用，真正的炒短高手，哪有不止,未知,04-03 02:51
2,砸总你使劲砸，这个价位我不信你能套我三个月，能跌到17我再补仓400W，跌到15,未知,04-03 07:25
2,明显的大趋势往下走获利资金逐步撤场留下套住的中小股东慢慢熬时间这是一场持久战,未知,04-03 10:55
2,套牢盘太多了，有的磨了,未知,04-03 10:53
2,我就想问问，下跌也就下跌了，有这么连续跌的吗，连跌8个月，业绩即使没有高增长起码,未知,04-03 05:04
2,目前是持仓时间最长的票，也是最近最煎熬的票。对于一个年利润超百亿，市值不到300,未知,04-03 09:40
2,趋势性下跌可怕不？绝对不要臆想抄底,未知,04-03 10:23
2,准备熬3年你砸吧,未知,04-03 10:22
2,再来5%我就强平了，该借的能借的都借了,未知,04-03 06:51
2,@妙想300059目前如何操作？,未知,04-03 10:21
2,静神先生，近几天非常时期，抽时间有幸拜读你帖子，每天都坚持发，说明你心态很强大，,未知,04-03 04:46
2,18.5又补了些，现在心里这么不安呢，感觉又唐突了,未知,04-03 07:13
2,见不到底,未知,04-03 10:09
2,=券商6月开启补涨大涨行情！每次回落是加仓好机会！换入券商,未知,04-03 10:04
2,20260403,未知,04-03 10:04
2,买了两个老登股跌也一样,未知,04-03 08:34
2,大阳线肯定会有，一阳改三观，证券肯定会爆拉两天，就不知道什么时候,未知,04-03 06:42
2,不到3400点不加仓,未知,04-03 08:44
2,一放假人气又来了，跑不掉了,未知,04-03 09:57
2,东方财富，之前23.+买的，今天一激动又补仓了18.58…然后又跌到18.48了,未知,04-03 09:44
2,标准的熊市走法！,未知,04-03 09:44
2,A股三大指数收报：3880.10，13352.90，3149.60。沪深京三市成,未知,04-03 09:43
2,慢慢熬吧，是金子总会发光的,未知,04-03 09:23
2,绝对不能买，3400点必到,未知,04-03 09:40
2,元宝建议逢高卖出不考虑买进。,未知,04-03 07:05
2,今天没有忍住，18.54进了，现在就套住了。,未知,04-03 07:10
2,还要跌一年，大家拭目以待，立贴为证,未知,04-03 08:29
2,【调研快报】东方财富接待通过网络提问的广大投资者等1家机构调研,未知,04-03 07:52
2,没那么容易熬的上一次就熬了我四年,未知,04-03 09:16
2,底部到底在哪里何时才能进场,未知,04-03 09:21
2,东方财富:2026年4月3日投资者关系活动记录表,未知,04-03 07:21
2,我今天不谈估值，也不说技术！因为在主力最后的诱空阶段，这些指标都会短暂失效！只劝,未知,04-03 03:12
2,龙头,未知,03-22 11:47
2,利空来了：11000亿元3月期买断式逆回购到期，4月7日投放8000亿，净回笼3,未知,04-03 07:45
2,25元的本,未知,04-03 09:15
2,跌出机会，这个给力下跌，会出现的，最大跌到哪个位置？就连机构都不知道，何况你我韭,未知,04-03 08:55
2,东方财富缩量跌到底了吗？,未知,04-03 08:55
2,早就说了18.18肯定到，看来高估了，腰斩再腰斩差不多,未知,04-03 08:46
2,你可够狠的，连跌8个月，没有一个月是红的，而且天天创新低拖后腿，大股东不管不顾的,未知,04-03 07:18
2,一年半内由顶峰时期成交金额某天近千亿，今天25亿,未知,04-03 06:32
2,退市！,未知,04-03 08:31
2,今天重仓买了100股,未知,04-03 04:12
2,东方财富是否与openclaw.有业务往来，将来有没有往这方面发展？给东方财富软,未知,03-20 07:05
2,人气不断上升，股价持续阴跌。OK,未知,04-03 07:46
2,股茅一路过山车下来，长期耐心资本呢,未知,04-03 07:37
2,20的本。今年能回本吗,未知,04-03 05:06
2,几月分红，我算了下能每年分5500，能每年补仓300股呢。假如提高分红比例到每年,未知,04-03 06:07
2,今天走的完全符合预期，明天方向是继续回拉，月线收回五日线，季线收为高位十字星，形,未知,03-30 03:06
2,$东方财富(SZ300059)$,未知,04-03 04:44
2,看看吧,未知,04-03 07:25
2,人气榜排名降到1000名之外，就到底了！,未知,04-03 07:03
2,按照波浪极限低在14.1附近，就算往上再打10个点也要15块5，死马也没法当活马,未知,04-03 07:16
2,这样子走，就是要杀融资盘，怎么不让发,未知,04-03 06:45
2,28.5本,未知,04-03 05:31
2,这就是所谓价值投资，一年后又回到原点，靠那点分红还不够利息钱,未知,04-03 05:50
2,面临每天的自动扣费跌倒现在这个位置大家都讨论讨论啊？我感觉百分之五十可能再深跌一,未知,04-03 06:03
2,杀估值简单，这票至少要到27年下半年才有机会.,未知,04-03 06:23
2,TM发财不带我，挨打一次都不落，挣点零花钱咱这么难，难道这不是投资市场，神啊，救,未知,04-03 06:21
2,割肉了成本27了，哈哈等待这一轮熊市结束，5年后能回本不,未知,04-03 06:18
2,这么说吧，今天又是新低,未知,04-03 06:17
2,到9.85才能进,未知,04-03 05:46
2,尾盘有人爆仓了？尾盘放量砸盘,未知,04-03 06:11
2,看成交量散户已经割不动了，如果它们还不满足，还想要筹码那就只有杀融资盘了。,未知,04-03 04:16
2,怎么可以这样对我,未知,04-03 02:29
2,27.5的本呀,未知,04-03 05:28
2,幸亏没用杠杆，都是自己的闲钱玩的,未知,04-03 05:34
2,下周破17？,未知,04-03 04:44
2,……,未知,04-03 05:34
2,25的本,未知,04-03 05:30
2,什么！,未知,04-03 05:27
3,关键时刻，看你！,未知,04-03 05:17
3,两层仓位了，涨跌随意，哈哈,未知,04-03 05:13
3,今天的成交量是924以来的最低量了吧！要不是下午那波下杀的量估计都会回到24年熊,未知,04-03 05:09
3,太残暴了，等我10号发工资一定补你,未知,04-03 05:01
3,跌8个月了,未知,04-03 04:55
3,28块的本，什么时候能回来,未知,04-03 04:07
3,节后准备子弹！加油,未知,04-03 04:43
3,看样子够呛了，总是觉得有希望，亏的越来越多。,未知,04-03 04:42
3,东财下周破18,未知,04-03 04:41
3,切勿死扛，还好没加仓，早早清仓出局，哪怕等反转再买价格更高又怎样呢？那至少有了确,未知,04-03 03:38
3,全球AI算力需求只增不减，浪潮作为核心供应商，业绩有支撑，跌了就是加仓机会。,未知,04-03 04:36
3,"帐户都没有勇气打开了，本月已经亏了21w,帐户股票全绿，好想骂人。",未知,04-03 03:16
3,哈哈，亏麻了，被躺平之说害死了（只能怪自己），账面也不敢看了,未知,04-03 03:41
3,其实不想走，其实我想留,未知,04-03 04:18
3,休息3天继续跌,未知,04-03 04:25
3,杀融资盘了、兄弟们、,未知,04-03 04:23
3,只要不卖就是浮亏，慢慢等，会回来的，有信心！,未知,04-03 04:21
3,没管住手，忍不住抄底了，唉！,未知,04-03 02:25
3,手里还有这只票的，有人能在这里挣钱吗,未知,04-03 03:24
3,输惨了，大部分股票已经回到2800点位置了，只有少数高位抱团的股在拉指数。,未知,04-03 04:07
3,一股不卖,未知,04-03 04:13
3,现在是左侧行情，左侧博弈很容易被套，任何股票筑底不是一天能完成的，等横盘震荡，再,未知,04-03 04:08
3,又要回到九块,未知,04-03 04:10
3,散户都这样，跌了说啥都有！,未知,04-03 04:09
3,18必破了,未知,04-03 04:08
3,都给你，认亏出局，行了吧？,未知,04-03 03:30
3,要么暴跌15个点，天天阴跌,未知,04-03 03:49
3,16全部满仓,未知,04-03 03:50
3,别18了，13能不能止住都是问号,未知,04-03 03:48
3,什么是底？等上面的套牢盘割的差不多了才会见底，今天割完，今天就是底，下个月割完下,未知,04-03 03:39
3,跌的时候轻而易举，涨的时候举步维艰,未知,04-03 03:44
3,最低点牛,未知,04-03 03:36
3,148用英文念一遍,未知,04-03 03:41
3,怎么办，全仓套在24.,未知,04-03 01:15
3,上午我就说我下午会杀的厉害，真是可怜你们呀，现在是一路下杀不回头，不管什么票，它,未知,04-03 03:27
3,跌幅144价格48……,未知,04-03 03:35
3,120出来了,未知,03-19 08:48
3,15它真的稳得住吗，毫无底线的券商,未知,04-03 03:31
3,只值10块,未知,04-03 03:28
3,16.86缺口真要补吗？,未知,04-03 03:09
3,去年第一批接盘的机构快到期了，还得跑啊,未知,04-03 03:27
3,进0.1退9.9，照这个惯性不到12块不会止跌.,未知,04-03 03:25
3,还有3毛线就创新低，牛市旗手是真牛逼,未知,04-03 03:11
3,从哪里来，回到哪里去，就是这个走势,未知,04-03 03:24
3,250亿融资盘，随时踩踏！,未知,04-03 03:24
3,还有牛吗？,未知,04-03 03:22
3,=可以开始买进了！跌多定反弹！回落都是低吸好机会！加仓,未知,04-02 12:09
3,今天又捐款了，自我安慰一下。,未知,04-03 03:14
3,0.76每股，9.24最低9.6元，估值15.8,未知,04-03 03:14
3,连续下跌九个月,未知,04-03 03:14
3,完美，东财这个批，终于忍不住。又再一次下跌了。每天阴跌。再来10来天。18见。这,未知,04-03 02:59
3,这样下去，账户会亏光吗？不动应该不会亏光吧？,未知,04-03 03:12
3,毫无底线啊，暂时卸载软件了，等8月份再看下，能不能回本了。,未知,04-03 03:07
3,天天跌，主力牛逼,未知,04-03 03:11
3,茫茫人海浮沉遇上你，够味下跌,未知,04-03 03:02
3,散户不要再随便补仓了，也是看大家可怜，提醒一下。,未知,04-03 02:52
3,今年就靠这两只票了,未知,04-03 03:08
3,摸407，有点狠,未知,04-03 03:08
3,无意翻到分红融资页面，头皮发麻，分红60多亿减持不计其数，吃完发展趋势带来的红利,未知,03-26 01:33
3,1848，要发死发，光头脚，到底了吗？,未知,04-03 03:01
3,看来要到16了,未知,04-03 02:50
3,限售解禁股多少钱一股？？。,未知,04-03 02:43
3,的东方财富,未知,04-03 03:07
3,目前的价格位置原则上以做正T为主。但有高抛机会后，务必筹码收回，主打一个不丢弃筹,未知,04-03 10:21
3,节后还会加速向下,未知,04-03 03:06
3,这次月线8连阴是恶庄报复924行情多头的行为，不久以后空头必将被彻底打爆,未知,04-03 03:06
3,回头看22割了幸运，亏了三万出头，3.23那天全部补仓买入了上证50etf，回血,未知,04-03 02:17
3,还有赚钱的吗？,未知,04-03 03:06
3,券商，靠你了，一哥加加油！,未知,04-03 09:47
3,下跌趋势还很漫长,未知,04-03 03:05
3,下一个补仓位16.30,未知,04-03 03:05
3,到18元，17.5元加仓？？？,未知,04-03 02:53
3,有一点多杀多的感觉，毕竟现在还保持着2万亿的交易额，1.8万亿是牛熊分水岭。。。,未知,04-02 02:10
3,最低点收盘，说明了什么？,未知,04-03 03:05
3,草，什么时候是个头，跌8个月了。还有人说这是牛市吗,未知,04-03 02:37
3,谁能分析分析哪来的这么多的筹码砸盘每天几亿几亿的砸,未知,04-02 02:43
4,收盘价最低价真行啊你,未知,04-03 02:57
4,等你17.5-18再娶你，说不定二季度还得指望你凑点嫁妆钱。目前持仓成本在20.,未知,04-03 02:45
4,现在这股吧里还有人获利么。。。。,未知,04-03 02:07
4,18.48,未知,04-03 03:02
4,最低收盘,未知,04-03 03:01
4,=券商6月开启补涨大涨行情！每次回落是加仓好机会！换入券商,未知,04-03 03:01
4,又跌至全天最低，离200日新低又成功了一步,未知,04-03 03:00
4,跌得毫无理由，渣男,未知,04-03 03:00
4,准备子弹，下周回到16加仓,未知,04-03 02:57
4,不要轻易补仓还早,未知,04-03 03:00
4,不要随便补仓了，看散户可怜，提醒一下，资金都出去了，几个散步在玩。,未知,04-03 02:53
4,天天新D,未知,04-03 03:00
4,你,未知,04-03 02:59
4,从两点到收盘都是卖单厉害,未知,04-03 02:59
4,任何时候卖都是对的，因为以后每天都会新低,未知,04-03 02:59
4,M，今天买的全套，以往买的也几乎全套,未知,04-03 02:59
4,转融通不是关了吗？哪个机构能这么源源不断的每天砸出几亿啊真好奇,未知,04-03 02:59
4,简直令人发指一周能跌7天吧应该,未知,04-03 02:58
4,补你么的缺口去吧,未知,04-03 02:49
4,每股赔10块了，这辈子能解套吗,未知,04-03 02:24
4,跌破18可以开始建仓了,未知,04-03 02:39
4,怎么能做到天天跌啊,未知,04-03 02:58
4,18.1今天会见到？？？,未知,04-03 02:37
4,连跌8月牛皮,未知,04-03 02:46
4,的,未知,04-03 02:57
4,18.51十倍增仓开新仓更佳越跌越买破31,未知,04-03 02:37
4,这是要跌到啥时候啊,未知,04-03 02:48
4,不跌不跌你又赶甚去了,未知,04-03 02:57
4,大C浪末尾跌到18.2--18.5大胆加仓建仓，AC浪时间空间基本一致，说跌到1,未知,04-02 02:31
4,券商股是牛市里的旗帜，大盘保持每天3万亿的成交量，东财必上90元。不接受反驳。,未知,03-26 02:13
4,10倍杠杆100个梭哈下周反弹5个点就走,未知,04-03 02:56
4,股吧里说券商好的都是拖！大家请小心！,未知,04-03 01:57
4,似底不是底，还要创新低！没量，还得跌，下个支撑位在10元！没救啦,未知,04-03 10:29
4,不能进，下周还会新低。,未知,04-03 02:56
4,回补2024年9月份的缺口16.86元！,未知,04-03 02:56
4,每天都是最低点收盘,未知,04-03 02:56
4,沟桩砸盘,未知,04-03 02:55
4,空方天天红旗飘飘，多方天天满地找牙。,未知,04-03 02:55
4,节后开盘推演，低开17元附近，随后放量快速下跌至16元附近,未知,04-03 02:55
4,1919就是要走要走，别想了，快走，别怪没提醒你,未知,04-01 10:45
4,下周还有解禁股等着砸哈哈,未知,04-03 02:55
4,可以补了,未知,04-03 02:40
4,的,未知,04-03 02:54
4,儿,未知,04-03 02:54
4,15块不知道能不能顶得住,未知,04-03 02:54
4,这边也跌的好猛，,未知,04-03 02:54
4,越来越低了,未知,04-03 02:54
4,……,未知,04-03 02:54
4,尾盘要拉了，大家准备好子弹,未知,04-03 02:42
4,不管如何大跌，东财很稳定跌1一2个点，不多跌，稳定下跌,未知,04-03 02:42
4,为什么天天跌。为什么？,未知,04-03 02:03
4,今天缩量跌，大家稳住,未知,04-03 02:52
4,大A是最让人长经验的，8年前亏5万，前年进来碰到9.24。结果又亏没了，,未知,04-03 02:33
4,亏20个点的集合,未知,04-03 01:51
4,内资每天砸得真欢啊～,未知,04-03 02:50
4,加仓了，有点后悔,未知,04-03 01:52
4,黑色三月，亏6万,未知,04-03 02:31
4,出不完的货，,未知,04-03 02:49
4,今天又是暴跌的一天,未知,04-03 02:49
4,18.51十倍增仓开新仓更佳。破31,未知,04-03 02:49
4,看看怎么个事！,未知,04-03 02:30
4,我也是有病了，在22.8元来补仓，现在？,未知,04-03 02:15
4,融资盘的兄弟们，你们速度平仓，你们不平仓，主力不会进来，就是要杀掉你们融资盘的爆,未知,04-03 02:48
4,历史会记住你我的……,未知,04-03 02:47
4,惨莫过于此，贷款十万跌的剩四万，45岁失业两个月找不到工作，不知道怎么办，活着好,未知,04-03 10:02
4,如果跌到15块以下，我就加仓,未知,04-03 02:46
4,1850接了一单，等……,未知,04-03 02:39
4,我不信能跌到18块钱,未知,03-26 10:50
4,大家别买了，跌跌不休，无底洞,未知,04-03 02:44
4,连续下跌11周接下来每周都是突破历史,未知,04-03 02:44
4,明天回调时再买，肯定会补缺的。尾盘不能进。,未知,04-01 02:55
4,最，跌了大半年了，都没有个像样的反弹，还天天砸盘,未知,04-03 02:44
4,好股，好股，好股,未知,04-03 02:44
4,18.12我接你们的筹码,未知,04-03 02:43
4,这一个大单砸的直接跳水,未知,04-03 02:43
4,去掉量化根本没有人在玩,未知,04-03 02:42
4,我是大学生我先跑了,未知,04-03 02:42
4,当他们要爆仓的时候，我准备开始大举进军了,未知,04-03 02:41
4,18.56十倍增仓。开新仓更佳。,未知,04-03 02:25
5,18元下周到，开始建仓,未知,04-03 02:41
5,砸尾盘吸筹吗SB,未知,04-03 02:40
5,今天底部18.56，不会再低了,未知,04-03 01:30
5,融资盘瑟瑟发抖。,未知,04-03 02:40
5,1862进来居然被套,未知,04-03 02:27
5,这是要回补缺口吗？,未知,04-03 02:39
5,这是要干啥嘛,未知,04-03 02:39
5,季线指标看，还在高位，这咋搞呢，一个月了，几乎每天都有新低,未知,04-03 02:39
5,估值比5000亿的时候还低,未知,04-03 02:38
5,死活都不拉券商啊！,未知,04-03 02:18
5,下限可能在924启动的时候。一言难尽啊。股东们,未知,04-03 02:37
5,啥意思，看不明白了,未知,04-03 02:37
5,砸吧，疯狂一些,未知,04-03 02:37
5,24块减持的准备买回来,未知,04-03 02:36
5,业绩这么好，一年160亿赚120亿，居然月线八连阴，分红分一毛钱，真是活久见了，,未知,04-03 02:10
5,今天就看证券拉不拉了,未知,04-03 01:47
5,二点半准时拉稀,未知,04-03 02:36
5,主力就想骗人进来,未知,04-03 02:35
5,太恐怖了,未知,04-03 02:35
5,卖不完啊跳水了晕死,未知,04-03 02:35
5,越跌越加仓。对抗到底。满仓满融。,未知,04-03 02:35
5,券商砸盘,未知,04-03 02:35
5,真损,未知,04-03 02:33
5,加仓机会。冲,未知,04-03 02:32
5,就算有一天要启动，之前也许要横盘，可以不急，空头趋势，没有最低，只有更低，所以都,未知,04-03 02:31
5,高开低走，低开低走。没事，家里有矿，随便跌。,未知,04-03 02:29
5,今天洗盘，节后爆拉，兄弟们稳住,未知,04-03 02:28
5,上海股碰不得，时刻提醒自己,未知,04-03 02:10
5,等4月7号基金解禁那部分平仓以后，才能看行情,未知,04-03 01:54
5,砸嘛，不到9.8我看不起你,未知,04-03 02:26
5,这个月线看的头晕,未知,04-03 02:09
5,还真有人来半山腰抄底啊，100W散户，谁来拉起让你吃肉？,未知,04-03 02:01
5,清明假期，外围不确定性很大，空仓防风险！,未知,04-03 10:16
5,10元见吧，哎,未知,04-03 02:24
5,天天新低，什么时候起动,未知,04-03 02:24
5,主力赶紧秀秀你的大长腿啊,未知,04-03 02:23
5,有病26.5补的,未知,04-03 02:05
5,这是一点吗？,未知,04-03 02:22
5,割肉是不可能的，做了个T，成本又下降了不少，只能这么安慰了,未知,04-03 02:21
5,今天是讲话最后一天，4.7号新规开了,未知,04-03 02:20
5,昨天18.78以为抄了，没想到抄在半山腰了,未知,04-03 02:01
5,唯一回本方法，憋住不卖，10年内只要不退市必回本并赚5%年息。,未知,04-03 02:10
5,今天换手率应该低于1了,未知,04-03 02:17
5,18.58十倍增仓。开新仓更佳。越跌越买节奏,未知,04-03 02:17
5,全是我们小散抄底，主力都走了，等2年,未知,04-03 02:16
5,收盘前可以进入博一把。现在继续观察不动。,未知,04-03 02:16
5,天天心低,未知,04-03 02:14
5,券商拉升才有希望量化市场熊市销户保护自己,未知,04-03 02:14
5,我又来了,未知,04-03 02:00
5,看评论还要跌,未知,04-03 01:59
5,东方财富跟本卖不玩用数据对比2.5千亿秒变2.4千亿，是不是又少了几个亿，股价是,未知,04-03 02:12
5,日线上看，如果去年这个根针破掉，那么就是要考验9.24起点了，这是最坏的打算了，,未知,04-03 01:00
5,比2600的时候亏的还多,未知,04-03 02:12
5,大概15还不是底,未知,04-03 02:11
5,18.59十倍增仓开新仓更佳。破31,未知,04-03 02:11
5,天天能创新低，能不能天天创新高。,未知,04-03 01:54
5,券商害人,未知,04-03 02:10
5,能天天创新低，能不能天天创新高。,未知,04-03 01:55
5,看来该抄底了,未知,04-03 01:50
5,都是融券做空，15元很快的,未知,04-03 02:05
5,以前每天都还有托单，现在托单也少了，没发现吗？有托单只是延缓下跌，都在等解禁强平,未知,04-03 01:55
5,15元是本轮的低点，静静地等待吧,未知,04-03 02:04
5,这波跌到头了，要反弹了,未知,04-03 01:04
5,红起来,未知,04-03 02:02
5,银行该歇歇了，换证券来拉指数了，加油,未知,04-03 02:01
5,今天证券板块严重缩量，10个月来成交量最小，如果日成交量到140亿就差不多到底了,未知,04-03 01:37
5,今天上车，节后最少8个点起步,未知,04-03 01:40
5,大盘指数没怎么变，钱没了,未知,04-03 01:36
5,-正常情况：大概率在18.5附近止跌，很难再深跌-极端情况：最多看到17.5～1,未知,04-03 01:12
5,坐等破了18.1元再买入,未知,04-03 01:54
5,春节回来这个股是证券板块里跌的最惨的一个，券商又是春节回来跌的最惨的板块,未知,04-03 01:54
5,18.1今天是破不了了吧，看下周了，破了会不会来一波加速下跌！,未知,04-03 01:29
5,前期低点，大幅买入，等待反弹。,未知,04-03 01:52
5,快了，除了机器人，没人玩了,未知,04-03 01:31
5,美伊战争不结束不要下场抄底，没底！签停火协议后再入场做右侧。,未知,04-03 01:31
5,不卖也不买，股份没少，还了100融资，不大赚不可能走,未知,04-03 01:05
5,股价24.4时机构抢着接盘大单转让筹码，现在为啥主力机构纷纷抛售筹码，这中间是有,未知,04-03 01:28
5,全仓买入证券保险银行分红，长线投资。,未知,04-03 01:50
5,证券板块没有任何止跌机会，千万不要抄底，还会大跌，不要跟趋势过不去，买卖有风险，,未知,04-03 01:49
6,幸亏昨天19割了,未知,04-03 01:49
6,大家准备好子弹，马上就要反抽了,未知,04-03 01:03
6,18.63十倍增仓开新仓更佳,未知,04-03 01:47
6,我们的旗手在哪里？这句话也许是今年最搞笑的话！,未知,04-03 01:47
6,今天那么硬，是不是跌不下去了，,未知,04-03 01:08
6,18.12能不能守住,未知,04-03 12:38
6,科技出来的资金为什么不来券商，因为被套的抄底盘太多，它们不会来解救的,未知,04-03 01:46
6,有没可能到15,未知,04-03 01:22
6,太牛了，连跌两年,未知,04-03 01:44
6,全部是空头，估计下个季度才可能开始了,未知,04-03 01:43
6,散户就是这样，大跌20个点唉声叹气，涨0.5个点直接高潮满足，仿佛已经回本。,未知,04-03 01:41
6,最好的买入点15.69，大家耐心等候几天,未知,04-03 01:39
6,东方国信里面板块全绿，估计却张百分之8,未知,04-03 01:39
6,其实每天都是最佳卖点。,未知,04-03 01:13
6,散户就是这样，大跌20个点唉声叹气，涨0.5个点直接高潮满足,未知,04-03 01:38
6,我回来了，看好节后的大好行情,未知,04-03 01:26
6,cpo天天涨，你们不买，天天跌的，反而买,未知,04-03 09:43
6,让投机主力自己折腾去吧,未知,04-03 01:08
6,今天又打折处理了，快来抄底。,未知,04-03 01:36
6,坚持就是胜利,未知,04-03 01:36
6,老乡别走,未知,04-03 01:36
6,万手哥进场了,未知,04-03 01:34
6,18.64十倍增仓开新仓更佳。破31。上板,未知,04-03 01:11
6,4.7依旧大概率是你打头秀了,未知,04-03 01:34
6,李大霄说上半年只能到4100，下半年有政策法力可以到4200。,未知,04-03 01:34
6,大哥，还不带头出手暴打空头，别把自己整残了。,未知,04-03 01:33
6,东方财富，今日跌破732均线，你是泄不可挡呀！难道上一轮的起涨点10.32在向你,未知,04-03 01:33
6,今天有点强的,未知,04-03 12:28
6,17.5元能爆50亿融资，刚好到了平仓线,未知,04-03 01:32
6,主力自己搞成交量，随便你怎么画图了,未知,04-03 01:32
6,这里的散户已经很难了，别再割了，换个赛道割可以嘛。,未知,04-03 01:32
6,18.18的黄金分割点，耐心等待,未知,04-02 10:18
6,大家都在等着和去年一样的大跌，去年4月8日大跌超15%。可怕的是清明节！不再是2,未知,04-03 01:31
6,券商是市场最大的空头,未知,04-02 01:53
6,@妙想东方财富什么时候才能跌到头？,未知,04-03 06:34
6,每天磨一磨,未知,04-03 01:30
6,东财转债4何时发布？,未知,04-03 01:29
6,快跌,未知,04-03 01:29
6,可以正式宣布了，补周K缺口。,未知,04-03 01:29
6,天天创新低。怎么办？,未知,04-03 01:29
6,大宗交易18.15都还没跌破呢,未知,04-03 01:28
6,会不会又和之前一样，下跌至9.8元啊？马的买进就下跌，还券茅脸要不要了…,未知,04-03 01:27
6,管不手，今天又补仓了,未知,04-03 01:27
6,看到券商被打压，我觉得好可怕，因为美欧国家每次上涨都会带动一下资金股票。这种打压,未知,04-03 01:26
6,昨天猜的今天最低会探到18.55元，己经到这儿了但趋势未止，看来俺还是太善良了。,未知,04-03 01:26
6,量化时代，不再需要坐庄拉升，天天震荡拉高出货就行了,未知,04-03 01:25
6,收盘V上来,未知,04-03 01:25
6,真,未知,04-03 01:25
6,跌的都看不见了，,未知,04-03 01:24
6,汪汪队队好不容易赚钱跑了，不会回来的，踩踏继续,未知,04-03 01:23
6,18.5T仓65000倍入尾盘竞价t出,未知,04-03 01:23
6,18.58十倍增仓。开新仓更佳。破31,未知,04-03 01:23
6,要,未知,04-03 01:21
6,再跌只有加仓干了，大富大贵就在眼前,未知,04-03 01:21
6,跌破所有的线,未知,04-03 01:21
6,要,未知,04-03 01:21
6,连续下跌8个月，也是牛plus,未知,04-03 01:20
6,连跌8个月，你能怎么办,未知,04-03 01:20
6,带头砸了,未知,04-03 01:19
6,今天证券跌的少，抗跌,未知,04-03 01:19
6,16快了,未知,04-03 01:19
6,现在咋办？？,未知,04-03 01:18
6,都套死了，压根不买也不卖,未知,04-03 01:17
6,还在创新低……,未知,04-03 01:17
6,融资盘还没爆,未知,04-03 01:17
6,机构基金清仓了证券板块，千万散户太惨了,未知,04-03 11:17
6,现在18，然后是16，下去补缺口咯。,未知,04-03 01:09
6,还要跌，因为我又加仓了,未知,04-03 01:08
6,如期来到18块。,未知,04-03 01:08
6,破18补一下仓,未知,04-03 01:05
6,的,未知,04-03 01:05
6,9块再来,未知,04-03 01:01
6,散户最爱的股票,未知,04-03 01:01
6,30.44成本，L4巅峰满仓满融至今降到L3入门槛，整整1年半融资利息高达20万,未知,03-26 02:13
6,能卖的都卖了，陪伴严重套牢的洞猜蛊友。赔钱也赔到洞猜上！,未知,04-03 12:56
6,今天还会有新低吗等你,未知,04-03 11:11
6,30的本，割肉了，不关住了，跌傻了，借来的钱，等不了了,未知,03-27 11:55
6,4.7号基金解禁，亏损20必须止损，快跑吧，开盘必跌5个点以上,未知,04-03 10:55
6,资金一直在流出，哪有可能涨上去？都散了吧……,未知,04-03 12:47
7,下午破17元,未知,04-03 12:47
7,他们说保护我们，引导中长期资金入市，我贷款八十万加上自己九十万全仓22.3买入东,未知,04-03 11:59
7,每天都跌,未知,04-03 12:44
7,东财节后会暴力拉升，信则有不信则无！,未知,04-03 11:41
7,一季度业绩怎么样,未知,04-03 11:54
7,月线8连阴了，估计要连,未知,04-03 11:52
7,看股吧风向就知道离反转不远了,未知,04-03 11:39
7,技术分析,未知,04-03 12:00
7,券商今天不护盘吗,未知,04-03 11:48
7,无底洞，没有底……空仓等,未知,04-03 12:20
7,现在获利盘是0.00%,未知,04-03 12:09
7,昨天试买100股，不咋行，今天赔了13元卖了,未知,04-03 12:15
7,28的本，20年都回不了本了,未知,04-03 11:17
7,20.9的本，想割掉一半，又不舍得，大家都多少本还在坚持的,未知,04-03 11:23
7,=24元百亿资金认购！大胆买入比存银行强多了！补仓阶段,未知,03-23 04:33
7,关键时刻,未知,03-19 08:41
7,24.5成本买入80W，20融资30W，现在净资产58W,未知,04-03 11:37
7,已经躺平，随便跌，大不了继续补,未知,04-03 11:34
7,下午必定是暴风雨，今天一定是非常难看，现在没跑的，都在幻想下午能拉起来，但是下午,未知,04-03 11:16
7,主力使劲砸哈，已经做好重回十元的准备,未知,04-03 11:27
7,去年到现在，行情打压到这个价位，请问上面地人满意了没？,未知,03-13 03:05
7,进程加快了。成交量要起来，要么拉反弹（抄底资金会跑），要么指数崩盘，高位大票自救,未知,04-03 11:33
7,急吼吼问一句，传说中的周K缺口……,未知,04-03 10:17
7,最后一洗/尾盘拉起/涨停板进行曲！,未知,04-03 10:46
7,招呼先打在前面，还有10个点以上的下调空间，做好准备……,未知,04-03 11:49
7,继续新低，15能到吗,未知,04-03 11:48
7,你还要跌啊，你这有底没有，,未知,04-03 11:47
7,如不出意外，下午会去考验18.18的支撑。,未知,04-03 11:46
7,当初建设工业40的时候，我让跑都硬抗，30的时候我让跑都骂我，现在跌到20了。,未知,04-03 11:45
7,已经躺平，赶紧砸盘，砸到1元才好，让我平摊下成本。,未知,04-03 11:45
7,别幻想了，科技不止跌，老登券商股也好不了。,未知,04-03 11:28
7,主力醒醒，下午到3850该起来护盘了,未知,04-03 11:18
7,18.68十倍增仓开新仓更佳已满仓的拿好筹码。这波破31,未知,04-03 11:19
7,东方财富:东方财富信息股份有限公司第七届董事会第二次会议决议公告,未知,03-19 08:44
7,最近一年熊牛一目了然，3月份以来一直说，cpo受外围影响跟随调整都是买入机会，4,未知,04-03 11:40
7,每天要不就是老太太下楼梯，要不就是起挂杀的走势,未知,04-03 11:24
7,五日线下一定要清仓，等到五日线上再进一点也不迟，同花已经跌了一点五了，早跑少亏,未知,04-03 11:20
7,今天有想法么,未知,04-03 11:33
7,价格打到10元基本上可以把融资盘干崩,未知,04-03 10:56
7,现在还没走的，要套三年了,未知,04-03 11:29
7,真的要去补缺口了吗？,未知,04-03 11:28
7,涨要涨过，跌要跌透，这波看13元,未知,04-03 11:27
7,去年4月份和前年10月份的大平台跌破，已经没有支撑了，现在缩量20000亿以下，,未知,04-03 11:25
7,一天不待涨，你就不叫废财。,未知,04-03 11:22
7,东方财富为啥跌这么狠,未知,04-03 11:11
7,为什么不让发这个图,未知,04-02 02:48
7,成本23，仓位6成，不买不卖，军3年,未知,04-03 11:09
7,躺平等风来,未知,04-03 11:11
7,留下的发财吧，我是亏怕了，只跌不涨的垃几，没必要跟，等15元再接回吧,未知,04-03 10:57
7,一定要狠心清了它，一天一个低点。,未知,04-03 11:16
7,可有意思？一直跌几个月了？,未知,04-03 11:16
7,没人买了,未知,04-03 11:16
7,东方财富九个月下跌,未知,04-03 11:15
7,玛德，都到2024年的3000以下价位了,未知,04-03 11:14
7,等下一个十年之约,未知,04-03 11:14
7,据观察，长期资本只有套牢的散户。量化是不可能成为长期资本的。某队也不是，4000,未知,04-03 11:12
7,今天不可能拉的，老特每到周末总是发空消息，4.7号解禁基金无条件强平，现在都剩散,未知,04-03 11:12
7,拉一下能累死你不？,未知,04-03 11:08
7,今天有点坚挺，就不知道能不能顶得住,未知,04-03 11:08
7,千万别急，别急啊，161616,未知,04-03 11:02
7,等11块,未知,04-03 11:07
7,今年从现在开始只买券商股，下一轮涨幅最大也只能是券商股。大约还有一个月的调整，耐,未知,04-03 11:07
7,砸到10元,未知,04-03 10:58
7,机构是要把散户吃尽,未知,04-03 11:03
7,天天阴跌，,未知,04-03 11:03
7,伤不起。太难了，天天创新低,未知,04-03 11:03
7,指出今天出现了在缺口位置，选择了向下的一个回踩，3900点关口很重要，明天，和下,未知,04-02 06:40
7,至于这么垃圾嘛，19买地也能被套,未知,04-03 10:57
7,18.70十倍增仓开新仓更佳,未知,04-03 10:56
7,都是小散买，主力卖。主力还是看不到希望。,未知,04-03 10:56
7,哈哈哈哈哈哈,未知,04-03 10:53
7,赶紧跌破1868，破了我就走。,未知,04-03 09:39
7,致敬勇敢的压舱石们！！！,未知,02-09 11:07
7,这已经超出洗盘的范畴了,未知,04-03 10:19
7,更低和最低之间你选择了更低,未知,04-03 10:51
7,一直压证券，终于带着大盘一起奔赴了,未知,04-03 10:50
8,又是阴跌个大半年真好。,未知,04-03 10:50
8,以前的证券板块先不论涨跌如何，至少还有护盘功能，现在好像他除了收割散户，打压指数,未知,04-03 10:49
8,还好我跑得快。,未知,04-03 10:48
8,今天得夸你两句，抗跌了,未知,04-03 10:48
8,不用装的，现在没人来接盘，15能站稳在说,未知,04-03 10:48
8,天天都是新低,未知,04-03 10:47
8,早上又骗我买了5000股,未知,03-31 11:00
8,中国证监会常用电话•全国统一热线（投诉/举报/咨询）：12386时间：工作日9:,未知,04-03 10:21
8,目前为止还不是买入的时候,未知,04-03 10:45
8,躺倒了，每天跌嘛,未知,04-03 10:45
8,没有想到,未知,04-03 10:44
8,放假又不拉，你放假干球啊,未知,04-03 10:43
8,易中天加油加油加油加油冲冲冲,未知,04-03 10:43
8,18.66就是底,未知,04-03 10:42
8,合理估值是多少？1500-1800亿，到这个区间再谈抄底。,未知,04-03 10:42
8,连跌八个月你真是没谁了,未知,04-03 10:07
8,今天怎么抗跌了啊,未知,04-03 10:00
8,看月线，还有5-10个点下跌空间！17.5左右抄底，加油,未知,04-03 10:03
8,继续往死里砸,未知,04-03 10:40
8,要成没有成交量的仙股了，每天热度这么高，都是散户在叫,未知,04-03 10:38
8,连跌8个月了，一点也不反弹的吗？,未知,04-03 10:38
8,4月17前股价跌破17，有赌的吗,未知,04-02 03:04
8,每天喜闻乐见缩量创新低，不暴量不关注，无效时间太长，波动过小，T都懒得T,未知,04-03 10:36
8,大哥，节前必须红盘啊,未知,04-03 10:36
8,东方财富19元以下值得中线布局！,未知,03-30 10:00
8,做价值投资，就是选一些估值低，但未来潜力无限的股票,未知,04-03 10:35
8,在车上远比买的便宜重要。,未知,04-03 10:34
8,坐等16元,未知,04-03 10:34
8,看尾盘有没有机会。下跌动能似乎有减弱之势，今天尾盘的机会挺大的。,未知,04-03 10:34
8,一分一分向上抢筹建仓。涨停后结束建仓节奏不挂定位单不贪便宜,未知,04-03 10:33
8,"MD,今天必须大涨",未知,04-03 08:49
8,股票的暴利并不产生于生产经营，而是产生于股票市场本身的投机，低只想更低，高还想更,未知,03-24 11:49
8,18.7十倍增仓T仓50000倍入。开新仓更佳等涨停,未知,04-03 09:39
8,向下补缺了，16见,未知,04-03 10:32
8,经常有新低，说明这货没有到底。等着吧。,未知,04-03 10:32
8,我要是庄，我也不拉升，我就用零钱，慢慢的在19块钱左右，慢慢的吸收筹码。等吸收够,未知,04-03 09:49
8,抱歉各位，实在是受不了我套现了，不要骂我！,未知,04-03 10:31
8,给我砸啊，每天砸三个点最好,未知,04-03 09:54
8,马上分红了,未知,04-03 10:29
8,今天又绿几个点？？？？,未知,04-03 09:54
8,没最低，只有更低。唉，三十六计，适合那个？,未知,04-03 10:28
8,跌到十五抄底,未知,04-03 10:28
8,连续一直跌咋办,未知,04-03 10:27
8,大哥，可以买入了吗,未知,04-03 10:26
8,证券跟科技就必须得反着来呗？,未知,04-03 10:26
8,来吧，先到18.12，再补缺口，16附近我建仓,未知,04-03 10:25
8,高开低走，低开低走，总是往下走，头也不回。,未知,04-03 09:39
8,节后一个跌停16元附近见了,未知,04-03 10:25
8,连绿八个月,未知,04-03 10:24
8,你也争口气啰！不要常垫底！,未知,04-03 10:24
8,证券跌3个月，直接抄底得,未知,04-03 10:24
8,都是量化再出,未知,04-03 10:23
8,18.71元试错进场建仓88000股成交了！,未知,04-02 02:22
8,不难看出有加速赶底的迹象，跌破18的可能性50%，跌破16的可能性5%。计划从1,未知,04-03 09:37
8,一天就二个点到手了！！东财不融卷太浪费了，就是跌的不够快,未知,04-02 12:00
8,还会有新低,未知,04-03 10:20
8,继续创新底，百万散户加油，越跌越买,未知,04-03 10:18
8,终于熬到头了吗,未知,04-03 09:26
8,18的支撑看来不行了,未知,04-03 10:17
8,证券何时出手,未知,04-03 10:17
8,东方财富主力要砸到爽手为止？,未知,04-03 10:16
8,三千三券商才会发力,未知,04-03 10:16
8,这个节奏就对了,未知,04-03 10:16
8,18.7十倍抢筹增仓开新仓更佳。别贪低。给砸就大胆抢,未知,04-03 10:14
8,加油,未知,04-03 10:13
8,跌哭,未知,04-03 10:13
8,啥时候回到25啊，好累啊,未知,04-03 10:11
8,竟然还有人买券商啊，哈哈哈,未知,04-03 10:11
8,可以买了么,未知,04-03 10:11
8,18.68十倍增仓开新仓更佳水下越跌越买十倍增仓建仓t仓60000倍入,未知,04-03 10:10
8,天天新低,未知,04-03 10:10
8,哈哈坐等15梭哈,未知,04-03 10:09
8,股市里赚钱，不可能的，尤其在这个东西身上薅毛更难，它已连跌7月，28周内下跌，市,未知,04-03 10:09
8,下方仅剩18.18一个支撑,未知,04-03 10:09
8,又新低了哎,未知,04-03 10:09
8,这牛市除了易中天其它都是陪衬,未知,04-03 10:09
8,天天创新低,未知,04-03 10:08
8,$东方财富(SZ300059)$,未知,04-03 10:07
8,不破不立，不破18.2一手都不买,未知,04-03 10:07
9,这走势还有谁,未知,04-03 10:07
9,还差两分钱,未知,04-03 10:07
9,弄下来老鲨鱼又再整点相因的便宜筹码！继续弄！,未知,04-02 01:50
9,每天不管是低开还是高开，就是往下走,未知,04-03 10:05
9,离岸人民币持续升值保CPO等大票，保美股护城河，保定价权。除非大量股民举报这些公,未知,04-03 10:04
9,又是新低,未知,04-03 10:04
9,绿九个月了,未知,04-03 10:03
9,继续下跌的走势。继续观望。,未知,04-03 10:01
9,今日大盘-3%，创业板-6%,未知,04-03 09:59
9,跌到17块左右分红，大家管住双手，分红后有可能更低，别被割了,未知,03-26 10:50
9,不天天创新底都不习惯了,未知,04-03 09:42
9,来个爆量跌停加速赶底，15入手,未知,04-03 09:55
9,你今年不涨，明年也不涨，我看你30年涨不涨，继续跌，继续跌，跌倒5元。,未知,04-03 09:30
9,每天都在创新低，每天出不完的货,未知,04-03 09:54
9,该补的缺口补上吧，撑着难受……,未知,04-03 09:52
9,跌到这份上是不可以建仓了,未知,04-03 09:50
9,不补缺口跌不休,未知,04-03 09:50
9,兄弟们涨一个点记得做t,未知,04-03 09:50
9,哈哈哈指数都干不过,未知,04-03 09:49
9,东方财富每天都是跌的时候最多下涨的时候最少,未知,04-03 09:48
9,每次一大早就拉证券的行情90%都是大跌的日子，而且证券也不持续，盘中都会转跌,未知,04-03 09:47
9,今天东财雄起,未知,04-03 09:47
9,唉！靠你护盘的啊！天天绿，怎么办,未知,04-03 09:46
9,我不卖是不会涨的,未知,04-03 09:45
9,的天天降,未知,04-03 09:44
9,大家都别买也别卖了哇让主力自己玩,未知,04-03 09:43
9,每天送它三个字…,未知,04-03 09:33
9,机构是清仓基金了吧？,未知,04-03 09:42
9,券商分仓佣金榜出炉！一波“身小黑马”狂飙惊人,未知,04-01 01:16
9,不到十五以下都是套,未知,04-03 09:40
9,天天砸盘,未知,04-03 09:40
9,感觉破17可以进点了…熬不住了，赶紧吧,未知,04-03 09:40
9,继续创新底,未知,04-03 09:35
9,今天谁把我融卷给融完了昨天都还有8800股的！搞得我不能做空了,未知,04-03 09:38
9,随波逐流,未知,04-03 09:37
9,诱多,未知,04-03 09:36
9,$东方财富(SZ300059)$,未知,04-03 09:35
9,求求你 ，别红了,未知,04-03 09:35
9,今天估计又是冲高回落，高开低走！,未知,04-03 09:34
9,稳稳的高开低走，资金难道要博弈清明没有幺蛾子？,未知,04-03 09:32
9,你敢涨，我就敢T，涨少了T，涨多了清仓。绝不期待证券大行情。,未知,04-03 09:32
9,证劵今天不会又是替人罒的一天？,未知,04-03 09:31
9,该涨了，跌了这么久了,未知,04-03 09:27
9,今日高点,未知,04-03 09:28
9,准备15接,未知,04-03 09:28
9,听说你买就跌，昨天18.7建仓，不会套我吧,未知,04-03 09:19
9,现在是19元左右变成顶了，再过一个月18元见顶，17、16、15.....,未知,04-03 09:27
9,冲高就要跑主力没安好心上面成千上万被套的散户就是砧板上的肉,未知,04-03 09:26
9,我A刚一集合竞价，A50就来个断崖，何解？,未知,04-03 09:18
9,今天又是新低,未知,04-03 09:21
9,券商向来不破不立，不破18.12一手都别买,未知,04-03 09:14
9,断崖下跌暴布,未知,04-03 09:23
9,今天18.68加一点吧,未知,04-03 09:23
9,$东方财富(SZ300059)$,未知,04-03 09:23
9,跌一级算一级,未知,04-03 09:22
9,今天会高开低走,未知,04-01 08:07
9,开盘就融券卖出，然后收盘来看就是惊喜,未知,04-03 09:11
9,六年了，股价就涨了一块钱，最高光的时候成交量达到900亿，股价也才到31翻倍都没,未知,04-03 03:42
9,机构预测普遍乐观：综合多家券商观点，预测2026年一季度归母净利润约30亿元，同,未知,04-03 08:18
9,韭菜都是这么想的，结果筹码都在散户手里了,未知,04-03 08:55
9,过二天就来个新低，我朋友手持该股被套，想低买拉低点成本，我劝他等反弹再入手，现在,未知,04-03 08:05
9,全部绿色,未知,04-03 08:53
9,对于我们国家，可以没有中国中车，但是不可以没有东方财富啊！,未知,04-03 07:48
9,该股盘子巨大，前期涨幅过大，宜观望为宜！,未知,04-03 08:46
9,都别犟了，熊市已来，看到11元，不服来辩,未知,04-03 08:22
9,券商股得4500点以上才有机会！,未知,04-03 08:31
9,浏览沪60分钟线，显示近2周的反弹，走了较完整的上升3波，接下来的回撤波段，有可,未知,04-03 08:28
9,加仓了金融一哥，了解我的一定知道是啥，就买最贵的，涨的最快的，地位最高的。,未知,03-30 10:47
9,跌下去如洪水猛兽，涨上来像细雨蝼蚁,未知,04-03 07:23
9,$东方财富(SZ300059)$,未知,04-03 08:20
9,这种走势16.45-16.52缺口要回补了,未知,04-03 08:07
9,这个票有爆仓或者强平的吗？,未知,04-02 07:45
9,散户不能买证卷，证卷公司自己融资融券可以掋押贷款出来买其他股票一个作用，所以自己,未知,04-03 07:53
9,目标5元看能不能稳住，完美的下跌通道,未知,04-03 06:29
9,东方财富总市值3900亿元，中国中车总市值1700亿元，东方财富相当于两个大国重,未知,04-03 07:48
10,15都止不住，，，看吧，人性割起肉来都是很疯狂的,未知,04-03 06:23
10,账户里只剩下两只票，东财和三鑫，也想好了应对策略。东财这一波下跌回到去年4月7日,未知,04-02 07:00
10,会跌破18.12吗？,未知,04-02 08:02
10,多家券商，打起“靓号”牌,未知,04-01 08:18
10,天呐，几时是个头呀,未知,04-03 01:15
10,都在高抛低吸做t呢,未知,04-03 01:11
10,东财18.17再见,未知,04-02 11:44
10,明天涨停最后通知,未知,04-02 08:51
10,整整过去5年。这个战绩还算可以吧？历史帖子可查证。东财的朋友不要灰心，以我的经验,未知,04-02 04:43
10,月线8连跌，真狠！,未知,04-03 12:43
10,最少还有10几个点的跌幅,未知,04-03 02:27
10,18.32。跌破了，我就没了,未知,04-02 11:22
10,月线双头,未知,04-03 01:03
10,全是套牢盘，继续创新低吧,未知,04-03 12:11
10,再来两个跌停差不多可以买了,未知,04-02 11:48
10,16.86这个巨大的缺口你补不补?历史上从没留下过未补的缺口。等四五月份4000,未知,03-09 02:06
10,跌破18立马再补一倍的仓位,未知,04-02 11:24
10,四月份到九块,未知,04-02 11:19
10,我今天又一次全仓卖出，我感觉底部就要到来了，但是我出的原因是今天在这么多个股下跌,未知,04-02 11:17
10,怕了，跌的太很了，还能张起来了吗，大神指点，,未知,04-02 11:17
10,这股会20cm一字涨停吗？为什么一定要套在里面，为什么要做不等涨起来愿追就追，不,未知,04-02 10:17
10,跌破12块，从哪里来回哪里去,未知,04-02 10:11
10,又要到9元,未知,04-02 11:05
10,至少还有五十的下调空间，不急慢慢等,未知,04-02 11:03
10,估计要跌到15左右，大家安心等待吧。10元涨到30元，30元跌到15，然后再涨，,未知,04-02 06:10
10,我感觉李嘉诚和巴菲特要来A股炒牛市预期，因为手里那么多现金不可能存银行吃低息的不,未知,04-02 10:58
10,我这也说吧，证券既爱又很，此股业绩可以，必涨，但是在这个没有行情的行情里，你选择,未知,04-02 10:05
10,这玩意等战争结束再来看了。,未知,04-02 10:37
10,为什么一直强调的有效跌破20日要减仓，企稳也要3天站稳5日线呢，1月19号有效跌,未知,04-02 10:06
10,大脑瓜子嗡嗡的吧，等着5浪诛心来捡尸体不香吗？,未知,04-02 06:39
10,人气越高，股价越跌，反着走势,未知,04-02 10:30
10,明天见今年低点下跌结束！,未知,04-02 09:53
10,还早呢！,未知,04-02 09:56
10,朋友们，18.18元能止跌吗，我准备筹集10万元资金补仓，这个位置会跌到吗,未知,04-02 09:41
10,下跌空间还有大约百分之二十左右吧。,未知,04-02 09:49
10,东方财富已经跌到去年4月7号的低点，当时大盘3000点，现在大盘3900点，整个,未知,04-02 09:35
10,上次说的股价18.6以上才能看多，企稳也要3天站上5日线才好，,未知,04-02 09:43
10,股吧各种股神,未知,04-02 09:30
10,看看2024年9月启动时是什么位置！一波拉高一路阴跌,未知,04-02 09:36
10,抄底还早得很,未知,04-02 09:36
10,明天开盘不计成本出逃，直接比开盘低两个点挂卖单,未知,04-02 09:26
10,明天15,未知,04-02 08:23
10,自求多福吧,未知,04-02 09:23
10,又是四千多只股票待涨，这种行情，你有信心鸽了阿财买别的股就一定能赚钱？还是老老实,未知,04-02 03:58
10,风险很大，而且是连锁性的。。还没清仓的保重吧！,未知,04-02 08:53
10,北向资金天天卖，外资都不看好，内资也在跑路，没资金托底，股价只能一路向南,未知,04-02 08:51
10,这个时候不要想着抄底，不要补仓,未知,04-02 08:46
10,什么时候可以买,未知,04-02 08:38
10,下面的兄弟，为什么要买他，这么多票,未知,04-02 08:42
10,又向9.81靠近一步，希望今年能看到,未知,04-02 08:41
10,A股三大指数收报：3919.29，13486.94，3172.65。沪深京三市成,未知,04-02 08:37
10,什么时候割都是对的。,未知,04-02 08:19
10,逆势投资不容易，因为人们要求的明日下周见效，满地股票都在大幅度反弹，今天感觉错过,未知,03-24 07:39
10,破18.83底部强背离,未知,04-02 12:53
10,进来就亏了，稳住，稳住。,未知,04-02 08:21
10,入场好机会大跌之时买1手不知道底所以要谨慎，资金是有限的，套深了就不能玩了,未知,03-04 11:26
10,亏麻了，必须打持久战，21.69的成本，估计年内难回本,未知,04-02 08:16
10,发个批评的评论还不行，呵呵,未知,04-02 08:15
10,高位30元，可能调到月线90均线股16元以下止跌,未知,04-02 08:18
10,@东方财富核心数据（截至2026-02-28，官方披露）A股股东总户数（≈散户户,未知,04-02 08:09
10,23块多买的，一路补，一路跌，涨起来三瓜两枣，跌起来倒是丝滑，业绩不差，把价值投,未知,04-02 07:00
10,应该要到16块附近了！,未知,04-02 07:41
10,千万别割在最低点，已经是极限了，准备每跌5％加10万，你们不割肉大家就一起耗着,未知,04-02 07:13
10,我是大学生，让我解套一下,未知,04-02 07:35
10,100%套牢盘，啥情况,未知,04-02 08:02
10,基金接的那部分马上到期，到期风控必须止损，超过20%了，融资盘得爆,未知,04-02 03:37
10,电脑关了，2027年7月7日再看。届时千万富翁等你！,未知,04-02 11:09
10,旭日升朝阳起的帖子全部删除了？,未知,03-16 10:54
10,看看我去年三月份的观点吧！在大家都绝望的时候，本人坚信牛市才刚刚开始，尽管因为人,未知,03-22 08:58
10,券商提前减持套现，都在创新低，还是券商看的清楚，市场形势还会继续打破前低，,未知,04-02 07:37
10,抄底价18.94元，赔了，这又怎样，有本事一辈也到不了20元。,未知,04-02 07:33
11,今天抄底了,未知,04-02 07:31
11,宁德时代等高位大票还在去年2月底的位置，后面1个月多月是最危险的，特别是证券电力,未知,04-02 07:13
11,我明天进场试一铬铁，18.7先开5000股,未知,04-02 07:03
11,20260402,未知,04-02 07:12
11,证券板块最厉害的龙头都如此走法，其他的就忽略不计了，根本没有必要了。估计东方财富,未知,04-02 03:03
11,跌这么多还有人觉得是牛市？？,未知,04-02 05:17
11,13.3再来,未知,04-02 06:54
11,量化之所以有差价因为技术派有很明显的规律，而基本面同样是，大家觉得盈利好这就是规,未知,03-26 01:52
11,流的太多了，流一地！,未知,04-02 06:27
11,即将大阳,未知,04-02 06:05
11,炒股只为回本,未知,04-02 06:37
11,还幻想不？,未知,04-02 06:36
11,股息率才0.5，东吴证券4.7东方还有的跌,未知,04-02 06:19
11,静神呢快出来安慰下要受不鸟了从29唱多到18这周要到17？,未知,04-02 06:19
11,我感觉到一股极强的杀气，4.7号带头重演？,未知,04-02 06:22
11,【今年3月A股新开户数460.14万户,未知,04-02 06:27
11,台阶为18—16.86—15，,未知,04-02 06:25
11,22的本，还要坚持吗？,未知,04-02 06:16
11,更大的暴风雨还没来呢，接下来几个大的风险点都在一步步靠近,未知,04-02 06:13
11,拾伍才是合理价值,未知,04-02 05:50
11,越来越低了,未知,04-02 05:50
11,18满仓抄底，放半年！,未知,04-02 04:28
11,东方财富粉碎机，18.80虚挂两万手托单真杀到了瞬间撤单并且托单转卖单，18.8,未知,04-02 04:43
11,北斗星通炒了很多年，几次大的赢利，最近60+以上清仓了，一周前开始喊大家分批建仓,未知,04-02 05:36
11,越来越低了,未知,04-02 05:36
11,东财月线打开真没有跌过8个月的，已经套牢上顶了，只能等下个牛市了，不急用钱的不用,未知,04-02 05:32
11,看香港证券尾盘5分钟的放量跳水，明天券商又了,未知,04-01 05:23
11,历史总是惊人的相似，券商小牛市后必定大熊市，大家可以参考2009年小牛市后的20,未知,04-02 03:28
11,从29.36跌到18.75，跌了快40%了，还没止跌信号,未知,04-02 04:42
11,这轮牛市证券跌的有点多,未知,04-02 05:13
11,31-18.75=12.25，2.25/31=0.3951613，已回撤39.5,未知,04-02 04:48
11,真惨啊！从来没有过！,未知,04-02 05:23
11,券商向来不破不立，不破18.12就一手都别买。,未知,04-02 05:21
11,管住手，严格执行！,未知,04-02 03:26
11,连续跌了8个月，该股是否已经进入了技术性熊市？哪位大神点拨指导分析一下？,未知,04-02 05:06
11,跳大神的还有吗？继续杀,未知,04-02 05:14
11,每天晚上来看技术分析，但是我不买,未知,04-02 05:12
11,九连阴吧,未知,04-02 05:11
11,欲哭无泪,未知,04-02 05:11
11,羡慕你们，天天拿着亏钱就行了，不用想着买哪个科技，哪个医药赚钱,未知,04-02 01:22
11,28的还能回去吗？巅峰了吧,未知,04-02 03:47
11,兄弟们都开通融券吧，百万散户,未知,04-02 04:32
11,成交量一天比一天低，根本没资金愿意进场，就靠散户互相割，阴跌磨底的日子还长着呢,未知,04-02 04:57
11,股吧里全是骂声，100多万散户全被套牢，情绪彻底冰点，没人敢买，股价只能阴跌。,未知,04-02 04:33
11,割了，25.8的成本，实在是扛不住了,未知,04-02 03:24
11,每天都有近20%净流出，机构牛逼,未知,04-02 04:50
11,简单按上一波跌幅量度，可以看16附近的支撑力度,未知,04-02 04:49
11,空头动能完全没衰竭，这时候进场就是送钱，等金叉再说吧兄弟们。,未知,04-02 04:31
11,现在全是存量资金博弈，根本没增量，东财这么大的盘子，没大资金拉，只能慢慢磨,未知,04-02 04:39
11,散户真可怜，大盘3900，券商已经跌回2900了。,未知,04-02 04:37
11,/券商6月开启补涨大涨行情！每次回落是加仓好机会！换入券商,未知,04-01 12:45
11,今天是破了周线重要支撑18.92,未知,04-02 04:35
11,这垃圾不破16看都不要看，没有资金来碰券券，腰斩了可以做反弹，仅只是做反弹,未知,04-02 04:34
11,东财这走势太狠了，从29块多一路干到18块多，所有均线全是向下的，现在抄底纯纯接,未知,04-02 04:31
11,买入评级倒是挺多，但机构估计都跑了，散户硬扛有啥用啊，太惨了。,未知,04-02 04:30
11,问题是做轿子的人多了，谁给抬呀！可冷的散户只能做多才赚钱…,未知,04-02 04:29
11,还我钱，我不玩了,未知,04-02 04:09
11,月线7连阴。,未知,04-02 04:26
11,跌到15差不多可以建仓了,未知,04-02 04:25
11,无底限,未知,04-02 04:22
11,4.7还要大跌10个点,未知,04-02 04:20
11,什么浪，什么分析都没用，散户多，100多万散户，这一条谁来也没用。,未知,04-02 04:14
11,我在你的软件里面炒股买基金，你叫我投票，我的意见就是你为什么不涨？,未知,04-02 04:08
11,庄家操盘手掌握的信息比散户多，看来打压还要持续一段时间,未知,04-02 04:02
11,缩量阴跌还会跌，必须放量杀恐慌才会见底。散户不要接飞刀,未知,04-02 03:04
11,希望股吧里清静清静，别胡乱分析了。,未知,04-02 03:55
11,别人恐惧我贪婪,未知,04-02 02:43
11,告诉家人们一个好消息，明天再跌1天，就可以3天不跌了，还有下周最多跌4天。,未知,04-02 03:45
11,被这个人气忽悠入，亏20个点了，求助大师，止损吗,未知,04-02 02:54
11,持有的散户，建议每天开盘把持有的全部或大部分挂在涨停板上。这样散户持有的不能出借,未知,04-02 03:18
11,22元的本，哭晕在厕所,未知,04-02 02:58
11,交大的2000万股，没两月缩水近1亿了吧,未知,04-02 03:37
11,套了我三个多点了，再跌我可要补仓了。,未知,04-02 03:29
12,错了就要认，挨打就要站立，选择下跌趋势的熊市板块就要承不断跌和亏损,未知,04-02 02:40
12,补缺去了16.8。。。天天新低,未知,04-02 03:31
12,跌着年线都跟不上了,未知,04-02 03:30
12,不到18以下，千万别进去,未知,04-02 03:04
12,呵呵分红10派1元，请接住！,未知,04-02 03:24
12,这货要到15左右去的节奏，唉呀，拿到了下降趋势，边补边割。等到十四五元的时候再补,未知,04-02 03:24
12,今天走了，没办法，天天跌1/2点，扛不住了,未知,04-02 03:24
12,25年7月份的17个转让机构，锁定期6个月，大摩都被套住,未知,04-02 02:58
12,周线11连跌月线16个月连跌历史罕见还保护投资者呢,未知,04-02 02:52
12,目标价10元左右,未知,04-02 03:12
12,不到15不买。,未知,04-02 03:06
12,跌了一年多了加速下跌去摸24年的16.86,未知,04-02 03:19
12,成本24以上的还在吗？,未知,04-02 03:06
12,18.68今年的铁底，马上翻红,未知,04-02 02:27
12,不到15不碰,未知,04-02 03:05
12,大盘反弹一百点，几巴股来回跌去30个点,未知,04-02 02:54
12,慢慢熬吧4季度券商股东数都是增加的，不割肉是不会反弹的,未知,04-02 03:13
12,证券个股的年报都已公布，是要业绩有业绩，要增速有增速，证券板块却连跌12周！就是,未知,04-02 02:30
12,崩溃了，这里好大的风,未知,04-02 03:00
12,哈哈，涨的最少，跌的最猛,未知,04-02 03:10
12,赚着股民的印花税，拿去买y吃,未知,04-02 03:08
12,太牛逼，以前跌，个股都会在涨，现在的跌，就是天天下跌，从不涨,未知,04-02 03:07
12,五一长假前必还有大跌！！！！10个点左右，16开头可能会到！！！！,未知,04-02 02:51
12,从29唱多到18跌了11块还在唱等股价7块的时候你们的静神还要你们坚定持有乐死了,未知,04-02 02:28
12,$东方财富(SZ300059)$,未知,04-02 02:46
12,东方财富:东方财富信息股份有限公司关于召开2025年年度股东会的通知,未知,03-19 08:44
12,有种你跌破18元，筹码全部给你。等你跌到18元清仓,未知,04-02 02:43
12,在电力挣了点，又被东财套了。22成本，感觉很难涨回去了，难搞哦！只能躺着不动了。,未知,04-02 02:39
12,此股可能只值10元，要不不会下跌的这么坚决，主力你管跌不管埋,未知,04-02 02:33
12,18.72十倍增仓开新仓更佳破31,未知,04-02 02:51
12,18快平仓线,未知,04-02 02:54
12,60日流出200多亿，太厉害了,未知,04-02 02:53
12,撑住，这时候割肉太惨了,未知,04-02 02:53
12,就盯着老百姓的三瓜两枣使劲嚯嚯。,未知,04-02 02:52
12,创业板两年涨百分之48。你两年跌百分之30,未知,04-02 02:49
12,我bu我是特级分析师贵州迪丽热巴，大家快跑了！要大跌,未知,04-02 02:49
12,自有资金买24.3*33000=801900，20融资400000买20000，,未知,04-02 02:49
12,18.72收,未知,04-02 02:49
12,17的本不怕,未知,04-02 02:48
12,最低点收盘！明天继续跌！,未知,04-02 02:47
12,今天你是创业板块了什么跌跟什么。散户太多还要跌,未知,04-02 02:47
12,18.7建仓，感谢感谢！,未知,04-02 02:41
12,今年再创新低，昨天又卖对了，周线超卖随时可能反弹,未知,04-02 02:42
12,股票原来根本不取决于业绩好坏,未知,04-02 02:40
12,砸呀，到10块把房子卖了加仓,未知,04-02 02:27
12,别抄底，没有底,未知,04-02 02:39
12,川子早已诚信全无，自娱自乐，反复无常，贻笑大方，关键DA自己也不争气，还配合打压,未知,04-02 02:21
12,为了走慢牛，只能砸券商了，没办法。,未知,04-02 02:34
12,原油暴涨6%，较年初几近翻倍，输入性通胀叠加，日子难啊，偏偏茅台还要提价,未知,04-02 02:36
12,一路何下直奔15去会合10块,未知,04-02 02:38
12,大家是否还记得从2022年到2024年那一波持续两年多的下跌？累计跌幅超60%！,未知,04-02 01:47
12,我割肉了亏的蛮多的当时痛苦现在来看看跌那么多开心呀哈哈哈跌吧跌吧跌到位啦我在买回,未知,04-02 02:37
12,下跌无底太狠了,未知,04-02 02:31
12,我宣布今日是最后一跌,未知,04-02 02:06
12,该死的庄家，还在拼命卖,未知,04-02 02:33
12,绝望，跌不可怕，怕的是涨的时候他也不涨，只要还有人抄底就不是底,未知,04-02 02:33
12,牛市结束，都没钱了，提前结束。,未知,04-02 02:32
12,子弹已准备好了，你到18就开始,未知,04-02 02:32
12,没创新低不能买，主力这轮必然砸破去年低点，让散户交出筹码后才能拉升！,未知,04-02 10:39
12,没有活路了,未知,04-02 02:31
12,跌惨了，晕了,未知,04-02 02:31
12,记住，没有最低，只有更低！！！！管住手！！！！,未知,04-02 02:16
12,我19.19都能亏钱。在座的心情何等躁动,未知,04-02 01:56
12,22.6的成本，还有比我高的吗,未知,04-02 12:27
12,看看证券板块今天抗跌的几只股哪只不是股东人数在减少？散户扎堆的地方寸草不生,未知,04-02 02:28
12,没破18都是反弹，只有破18，再言反转。每次拉升，都是卖出，都能更低的价格接回,未知,04-01 11:10
12,说你什么好呢,未知,04-02 02:26
12,东财真牛啊,未知,04-02 02:26
12,借急跌越跌越买加重,未知,04-02 01:53
12,割了随便砸,未知,04-02 02:24
12,东财让我见识了，新低完了再新低,未知,04-02 02:13
12,唉，早上18.88加的仓又被埋了！,未知,04-02 02:06
12,按理说，国家队，这个位置在暂时不会管的，大盘还没有怎么跌,未知,04-02 02:04
12,东财加油。,未知,04-02 02:22
12,18.71十倍增仓。开新仓更佳破31,未知,04-02 01:59
12,到底没,未知,04-02 01:44
12,东财跌到18加一成仓，每跌一元加一成，想下都开心,未知,04-02 02:21
12,跌了八个月，牛逼,未知,04-02 02:21
12,18.78十倍抢筹增仓开新仓更佳,未知,04-02 02:21
13,大兄弟来了,未知,04-02 02:21
13,那时候我说跌到21，没想到18了,未知,04-02 02:20
13,有种真能跌,未知,04-02 02:03
13,换海尔了,未知,04-02 02:20
13,证券现在走势和去年四月份相似，大概缩量调整一个月左右会有一波大行情，所以这个位置,未知,04-02 02:20
13,股吧的大神，请问这货价格到多少，融资盘会爆仓。还有4月17号是不是之前协议的那十,未知,04-02 02:19
13,我还有子弹，来吧，把9.24行情的缺口补上，我就全资进场,未知,04-02 01:46
13,我抄你的底，你抄我的家,未知,04-02 01:57
13,还有谁，服不服,未知,04-02 02:18
13,反弹要开始了吗？,未知,04-02 02:17
13,不是说要要散户赚到钱吗？你这个连续8个月下跌，散户怎么赚钱,未知,04-02 01:59
13,下跌目标直指15,未知,04-02 01:48
13,兄弟们不要着急，只能等18.18再决定买不买,未知,04-02 01:59
13,要死不活的样子真难受,未知,04-02 02:16
13,业绩没有什么用，熊市跌证券。,未知,04-02 02:16
13,山顶上的风好冷,未知,04-02 02:15
13,红尘说：熊市旗手发力！,未知,04-02 02:15
13,散户大本营，百万散户准备好子弹，抄底！！！散户控盘，坐等翻倍！,未知,04-02 02:04
13,优秀，继续破新低，短期散户可以放假赏花踏青去了！,未知,04-02 02:15
13,按照这个节奏，大盘还要跌3个点4个点,未知,04-02 02:15
13,走了，彻底服气了。,未知,04-02 02:14
13,昨天涨的不够今天跌的,未知,04-02 01:13
13,下跌无止尽！牛逼,未知,04-02 02:14
13,继续创新低呀,未知,04-02 02:14
13,我准备抄了，你们抗住,未知,04-02 02:13
13,还有谁？不服就来抄底。,未知,04-02 01:49
13,18.6继续增仓越跌越买,未知,04-02 02:12
13,这个是做空主力，关注，监管的话看这里,未知,04-02 02:11
13,18.70十倍增仓开新仓更佳越跌越买,未知,04-02 02:11
13,跌吧就是不卖25.8的成本躺平了,未知,04-02 01:44
13,吓得都不敢买了,未知,04-02 02:08
13,没一点抵抗,未知,04-02 02:07
13,明天还有更低,未知,04-02 02:07
13,17.5元我来抄底,未知,03-21 11:57
13,来回摩擦,未知,04-02 02:05
13,看大资金爆真爽啊哈哈哈，散户才几个字啊,未知,04-02 02:05
13,十三见,未知,04-02 02:04
13,咋感觉券商在配合做空呢？,未知,04-02 02:03
13,无底洞,未知,04-02 02:03
13,都锁底了,未知,04-02 02:03
13,有一种山雨欲来的感觉，本周会有惊喜，15点那种，，，\(^o^)/~，1990，,未知,03-25 03:38
13,我在15等你，算你狠,未知,04-02 02:03
13,一直跌，没有最低只有更低。,未知,04-02 02:03
13,应该是要去补16的缺口了，跌到9月份吧差不多了,未知,04-02 02:02
13,跌这么多,未知,04-02 02:02
13,这波启动点是不到10块钱，这是要跌回去吗？不是说慢牛吗？让广大散户怎么价值投资？,未知,04-02 02:01
13,天天新低,未知,04-02 02:01
13,能不能降到15，我想建仓,未知,04-02 02:01
13,目标价8块,未知,04-02 02:00
13,板块涨的时候不涨，跌的时候三天就跌了百分之十四，,未知,04-02 01:50
13,服了炒股这么多年，第一次彻底服了，没有利空，大盘，外盘，板块，行业都没有你能跌，,未知,03-26 11:11
13,18.12不远了，四五个点,未知,04-02 01:58
13,要去15块钱了,未知,04-02 01:58
13,进一退九，再创新低，这判断错了么？,未知,04-02 01:58
13,这是什么？,未知,04-02 01:57
13,还差一个月，就练到成境了。界时，我来接点,未知,04-02 01:57
13,3W没了，割了,未知,04-02 01:57
13,18.78抄底！,未知,04-02 01:44
13,跌起来真叫一个丝滑，洗是洗不走我的，不挣钱绝对不走,未知,04-02 01:13
13,想买，对吗？感觉又不对，又对！,未知,04-02 01:48
13,去古井贡看看,未知,04-02 01:55
13,前期就看多的人演吓吗,未知,04-02 01:55
13,18.7 啥也不说了，溜了！,未知,04-02 01:55
13,哈哈啊哈,未知,04-02 01:54
13,天天突破下线,未知,04-02 01:53
13,18.74十倍增仓开新仓更佳破31,未知,04-02 01:52
13,破位了不要抄底了~~~观望一下,未知,04-02 01:51
13,要去17了,未知,04-02 01:50
13,这票完蛋了,未知,04-02 01:50
13,屡创新低啊,未知,04-02 01:50
13,15.35已挂单,未知,04-02 01:50
13,满仓不动了，我就不信拿两年你不涨！,未知,04-02 01:50
13,17.567成本,未知,04-02 01:50
13,25元到现在就没升过！垃圾股！,未知,04-02 01:42
13,现在开始每跌4元，都加仓。10元allin,未知,04-02 01:41
13,真是阿刁啊,未知,04-02 01:49
13,破了，又创新低，21的本，先认输出局！,未知,04-02 01:36
13,连跌七个月，号召中长线投资的解释下？！,未知,03-26 05:08
14,大家成本多高，守了3个月了，不断补仓，成本从23.38降到20.92了，八成仓了,未知,04-02 01:28
14,铁子们，25的本，请问你们呢,未知,04-02 01:36
14,无量的阴跌才可怕，可以很久很久,未知,04-02 01:47
14,了，走吧,未知,04-02 01:38
14,知道谁走了吧，你就看看这一天后还有没有好日子过吧,未知,04-02 01:47
14,服了没。张一天，跌九天。最少九天,未知,04-02 01:29
14,天天新低,未知,04-02 01:46
14,还想创新低节奏呀……,未知,04-02 10:22
14,现在可以逐步抄底了！要把握主力机构给我们的机会！,未知,04-02 01:39
14,空军主力，你要今天不净流出20亿，看不起你,未知,04-02 01:46
14,$东方财富(SZ300059)$,未知,04-02 01:45
14,散了吧,未知,04-02 01:44
14,清明假期感觉有降息…,未知,04-02 01:36
14,百万散户一起买买买，一旦到十八就抄主力老底，散户控盘，坐等翻倍,未知,04-02 01:22
14,现在这个价位所以筹码都是亏损的，搞不懂为什么会卖？,未知,04-02 01:23
14,一季度业绩暴增，大胆买入,未知,04-02 01:20
14,18.78十倍增仓开新仓更佳破31,未知,04-02 01:43
14,又又又又创新低了。家人们清了没有,未知,04-02 01:03
14,过万的托单必破，还有敢抄底就一直跌,未知,04-02 01:43
14,向下跌3元，向上涨20元，现在在里面的，咱们还需要焦虑吗,未知,04-02 01:42
14,哎，跑了，祝留下的发财。,未知,04-02 01:41
14,加油，把主力洗出去,未知,04-02 01:41
14,下跌如此丝滑，大盘涨了100多点，东方财富每天创新低,未知,04-02 01:40
14,4.7解禁还要跌,未知,04-02 01:40
14,大聪明抄底了，抄底是确认了反转才能进是抄底，这种单边下跌的你凭什么认为是底？,未知,04-02 01:40
14,从九块涨到三十多业绩有翻三倍吗两倍都没有所以18才是正常价值低一点可以看到15,未知,04-02 01:17
14,底在哪儿？想抄底是在瞎蒙，凭运气抄？,未知,04-02 01:40
14,总是一次新低，完全看不到底的感觉，啥时候能拉个中阳，改善下心情啊,未知,04-02 01:40
14,又创新底了,未知,04-02 01:39
14,MT变死牛了,未知,04-02 01:39
14,韭菜们集中一分钟内补仓，拉根小小的直线吓唬一下主力,未知,04-02 01:39
14,这个票不行还不如买大智慧,未知,04-02 01:29
14,又新低了，想要锤死自己,未知,04-02 01:38
14,绝了,未知,04-02 01:38
14,你认为的底就是未来的天花板,未知,04-02 01:38
14,100万散户同台竞技，我是大学生，让我先走,未知,04-02 01:26
14,18抄底，放心干,未知,04-02 01:38
14,买，炒第一季度业绩,未知,04-02 01:37
14,深不见底,未知,04-02 01:37
14,主力天天在出货，散户天天在“抄底”,未知,04-02 10:39
14,我的乖乖,未知,04-02 01:37
14,这股10块左右差不多,未知,04-02 01:37
14,再创新低666。还补仓吗。以前鼓吹上涨的大神都消失不见了。涨了又会出来。,未知,04-02 01:18
14,磨磨唧唧的,未知,04-02 01:37
14,开仓买入,未知,04-02 01:12
14,已跌短中期月线，只能向月均线MA120奔去,未知,04-02 01:36
14,最近几年券商赚那么多钱，股票不涨，分红也少得可怜。的就只会吃独食吗？,未知,04-02 01:19
14,可以进场了吗,未知,04-02 01:19
14,各吧，不要幻想了,未知,04-02 01:36
14,下面还有托单，还得砸,未知,04-02 01:36
14,很酸爽，还抄底不,未知,04-02 01:20
14,$东方财富(SZ300059)$,未知,04-02 01:35
14,估计15元见了,未知,04-02 01:35
14,三个月了买这个真憋屈，-21点割肉了,未知,04-02 01:34
14,已经回到24年10月的价格了，有点意思,未知,04-02 01:24
14,各位股东。开心了吧？,未知,04-02 01:07
14,十五见,未知,04-02 01:31
14,跟石油有锤子关系，就是要砸，借机出货罢了,未知,04-02 01:20
14,底就在13元附近,未知,04-02 01:29
14,真的是心态崩了，天天板块垫底，每天都不想开盘,未知,04-02 01:28
14,大盘居然不咋跌,未知,04-02 01:28
14,月线8连跌，牛皮,未知,04-02 01:28
14,最后一跌，立帖为证,未知,04-02 01:11
14,趋势性下跌太可怕了，不是创新低就是在创新低的路上,未知,04-02 01:10
14,拼命打压券商板块，沪指3300点东方财富就上19元了，很多券商股价都跌破净资产了,未知,04-02 01:27
14,那个什么神，又是压不住的一天,未知,04-02 11:16
14,这是奔着18.12去啊,未知,04-02 01:25
14,估计永远不会起来了,未知,04-02 01:25
14,目前点位买入，肯定赚钱，不用怀疑！,未知,04-02 01:05
14,新低，新低,未知,04-02 01:10
14,从周线看，是要跌一年半的。慢慢熬吧,未知,04-02 01:23
14,$东方财富(SZ300059)$,未知,04-02 01:23
14,护下盘吧,未知,04-02 01:09
14,状态良好，坠落正常，自己怎么会买这货？,未知,04-02 01:14
14,缩量大跌,未知,04-02 01:22
14,如果说连跌八个月听起来还好，那连跌11周可能就有点惊悚了。,未知,04-02 01:22
14,来来来A股施法了，马上翻红，马上涨停,未知,04-02 01:22
14,18能不能止跌,未知,04-02 01:07
14,只要你不割肉,未知,04-02 01:21
14,到10块，抄底,未知,04-02 01:20
15,昨天卖出太少了,未知,04-02 01:19
15,18.81十倍增仓t仓50000倍入上板破31,未知,04-02 01:13
15,三个向下缺口不补又带头创新低，可见有多弱。躺平论可∽啊,未知,04-02 01:18
15,allin了兄弟们,未知,04-02 01:18
15,清仓保命,未知,04-02 01:18
15,0%盈利，干的漂亮,未知,04-02 01:17
15,今天不创新低明天一个低开还是新低,未知,04-02 01:05
15,18.85十倍增仓t仓48000倍入开新仓更佳,未知,04-02 01:02
15,续创新低,未知,04-02 01:16
15,跌到16我补仓，等你哟。,未知,04-02 01:16
15,回头看，割对了,未知,04-02 01:16
15,这票至少都要18，各大平台天天吹券商PE多低多低，散户不断涌入,未知,04-02 12:44
15,它来了，它来了，万众瞩目的16.92元的周K缺口来了……,未知,04-02 01:16
15,这段时间大主力资金流出几百亿,未知,04-02 01:16
15,滴,未知,04-02 01:16
15,200亿融资是庄自己的底仓？40-50亿是小散的,未知,04-02 01:15
15,26的本，你要跌就赶紧的，每天稀稀拉拉的烦不烦,未知,04-02 01:15
15,融券做空它,未知,04-02 01:15
15,破位了，止损,未知,04-02 01:15
15,40亿融资盘排队割肉,未知,04-02 01:15
15,24年大涨后的大C浪调整，快结束了，新一轮暴涨不远了。,未知,04-02 01:14
15,没有最低只有更低哈哈哈哈哈,未知,04-02 01:12
15,的，天天创新低,未知,04-02 01:12
15,今年以来，以某队为首的机构在宽基ETF净赎回达7400亿元，短期内由空转多不现实,未知,04-02 01:11
15,21附近买的时候觉得就是底了。没想到现在上个20都费力。,未知,04-02 01:11
15,下一个月才见底,未知,04-02 01:11
15,竞猜，今天融资盘割肉多少米？,未知,04-02 01:10
15,跌破破位清仓别留,未知,04-02 01:09
15,29下来，一个像样的反弹都没有大半年浪费行情,未知,04-02 01:09
15,真牛，连跌八个月。,未知,04-02 01:08
15,东方,未知,04-02 01:07
15,你带头砸盘,未知,04-02 01:07
15,无得救了，25买入，忘记卖出，现在套住了,未知,04-02 12:58
15,新低肯定是的了，躺平,未知,04-02 01:06
15,16.34%集中度，还要经历一次大跌，15块见。,未知,04-02 01:05
15,加油,未知,04-02 01:05
15,证券已,未知,04-02 01:05
15,杀下去我割肉,未知,04-02 01:03
15,今天必创新低,未知,04-02 01:03
15,十级大佬,未知,04-02 01:03
15,这样就止跌了,未知,04-02 01:02
15,……,未知,04-02 01:02
15,mei的，18满仓位真得有啊,未知,04-02 01:02
15,每天一个新低，也是醉了……,未知,04-02 01:01
15,争口气啊,未知,04-02 12:55
15,下午要破前低了，准备好吧，今早开盘的缺口不补直接下来的，资金已经表明态度了,未知,04-02 12:58
15,随便发发！,未知,04-02 12:55
15,26的本还有机会回本吗没戏了吧,未知,03-26 03:28
15,还有40亿融资割肉才会拉升。之前2025年8月那波融资盘只有210亿，现在250,未知,04-02 11:24
15,等下一个位置补仓：18.80元,未知,04-02 12:38
15,昨天进场的神秘资金不幸被埋，只能等下个月再来了。,未知,04-02 12:29
15,跌的习惯了，也就释然了,未知,04-02 12:37
15,傻帽吧，哈哈，昨天不卖今天卖,未知,04-02 12:35
15,100多万散户,未知,04-02 12:33
15,下午最好拉红，，,未知,04-02 12:28
15,*跌多会反弹！越跌越买好机会！趋势向上！补涨加仓,未知,04-02 11:14
15,日线底分,未知,04-01 10:29
15,涨了就是W底，跌了就是大M头。东财毕竟现在是券茅。影响力还是有的，看主力选择了。,未知,04-02 11:19
15,女大爱理财,未知,04-02 11:52
15,一旦有效跌破1812，下跌空间将再次打开。悠着点同志们,未知,04-02 11:31
15,18.18肯定会去探一下,未知,04-02 12:21
15,这波纯粹杀融资盘。融资盘不割肉不会涨，资本市场嗜血.业绩基本面不重要，筹码游戏罢,未知,04-02 11:28
15,这么多套牢盘这么多人还想着抄底那就还没到底。必须来一次放量跌，8~15%的跌幅，,未知,04-02 11:51
15,22的本今年能回本吗,未知,04-02 11:45
15,快跑,未知,04-02 12:12
15,明天周五大跌,未知,04-02 12:10
15,我也是服了我的手昨天盘尾卖的我想着今天做个套，一开始感觉价格挂高了，后来取消重新,未知,04-02 12:05
15,我一点也不慌，我成本21.74，虽然亏了不少钱，但是比我成本高的大有人在,未知,04-02 11:43
15,熊市不言底哦,未知,04-02 12:02
15,到9元再入手,未知,04-02 11:53
15,到十块？,未知,04-02 12:00
15,本人女大已入场,未知,03-31 12:58
15,托单都到18.80了，破新低必然的,未知,04-02 11:56
15,1883这么抗跌吗，今天能破了吗,未知,04-02 11:56
15,大盘没怎么跌，只能天天跌这些仙股了,未知,04-02 11:09
15,抄底吗，先干10000股，,未知,04-02 11:54
15,这波低点本人看到15左右，还有-3.9元的跌幅。,未知,04-02 11:52
15,又新低,未知,04-02 11:47
16,十个涨停期待,未知,04-02 11:31
16,目前在这位置震荡只是因为去年四月的那个低点在这里，所以资金在这里拉锯就是为了博双,未知,04-02 11:46
16,跌回到18元,未知,04-02 11:43
16,东财还没探到底，不要急于加仓，五月份18一定能看到。,未知,04-02 11:27
16,下午东财会假装拉升一波，可以做T，别上当,未知,04-02 11:35
16,不可能解套了,未知,04-02 11:42
16,整体不低，个体位置都前几年了…,未知,03-30 12:31
16,整个证券板块都是走熊，解套还早。,未知,04-02 11:37
16,还真是龙头券商，真卷,未知,04-02 11:21
16,实锤：中信在股指期货目前净空单高达48816手，终于明白300多亿利润咋来的了…,未知,04-02 11:33
16,昨天涨了3毛今天就要跌三毛,未知,04-02 11:20
16,机构不能搞内斗，顺应大势，带A股上攻节奏才是正道,未知,04-02 11:24
16,拉券商金融护盘啊～～～,未知,04-02 11:28
16,拿着券商的苦逼们，大家都还好吗？,未知,04-02 11:20
16,高位科技股都还没调整这个怎么可能到底了16应该差不多了,未知,04-02 11:21
16,十元接你。,未知,04-02 11:26
16,券商龙头都死命跌……板块还有个毛线机会,未知,04-02 11:22
16,还没到底！预感18.18.,未知,04-02 11:05
16,废了,未知,04-02 11:18
16,29元一路跌到19元都没一点反弹还有人说这是牛市吗？？？,未知,04-02 11:05
16,托单必跌，控制住仓位，耐心等待18元,未知,04-02 11:11
16,十五见,未知,04-02 11:06
16,券商要补涨！,未知,04-02 11:07
16,没什么好说的，这是主力的无能，故意把估值压到很低很低的位置。可以说没有这么干的。,未知,04-02 10:24
16,大盘持续缩量，证券大概率营收高峰已过，除非后面爆量4500.5000甚至6000,未知,04-02 11:11
16,了,未知,04-02 11:15
16,耐心再等6个月？破10，指日可待,未知,04-02 11:14
16,28的本还有吗？,未知,04-02 11:03
16,这B涨一个点太难了，跌一个点可是顺溜！,未知,04-02 11:13
16,小仓位18.88进的，19.25出了，今天18.88又进了，如能到19.25又出,未知,04-02 10:57
16,最后一段是黎明前的黑暗了。别做错了很痛苦，但是孕育着新生，按十二长生表来看，现在,未知,03-30 01:46
16,证券今天成交量不到180亿，几个月最低。尾盘买入，下周必反弹,未知,03-27 02:55
16,来吧宝贝,未知,04-02 11:07
16,券商太坏了,未知,04-02 11:05
16,没有量就会一直下跌。有量量化就会跑来凑热闹。,未知,04-02 11:04
16,18.93十倍抢筹开新仓更佳上板破31,未知,04-02 11:00
16,再次强调：有闲钱大胆买证券股，长线持股，比银行强十倍。到明年你就知道了。去年让大,未知,04-02 10:56
16,18.88不破散户会割吗？你敢破，18我就买。,未知,04-02 10:52
16,此时此刻，不是要再做防御性品种，而是要做进攻型选手！！！,未知,04-02 11:02
16,拉扯半小时涨三分钱，三秒钟砸下去,未知,04-02 11:02
16,服气不。红了必卖记住,未知,04-02 10:43
16,东方财富是散户唯一存在可以融券做空的股票，是一只很好的股票！就是跌的太多了,未知,04-02 11:01
16,为什么大家还是幻想能抄底？这么明显主力机构出货，让你以为跌不动了，其实是主力机构,未知,04-02 09:54
16,值6块钱的票票，一路下行。,未知,04-02 10:55
16,每天5手，静待突破,未知,04-02 09:32
16,18.95十倍增仓开新仓更佳。t仓45000倍入上板破31,未知,04-02 10:10
16,今年就没涨，我记得15元买的人最多,未知,04-02 10:54
16,券商这一波调整周期太长了，还是去买多元金融吧，短期难有气色啊。博反弹还是医药板块,未知,04-02 10:54
16,放弃幻想，牛已被牵走了，如有反弹还是赶快跑吧。,未知,04-02 10:54
16,地量地价，等风起,未知,04-02 10:53
16,看中线还没有到底，只是感觉离底还有一段距离，往往成交量能说明一些答案，前期的跳空,未知,04-02 10:53
16,震荡吸筹洗盘要很长时间，很多人等不了的，主力要把散户洗出去，又要做差价把持有价格,未知,04-02 10:16
16,借问东财几多愁？,未知,04-02 10:28
16,买东财的都是老股民，都是自我感觉良好的老股民。,未知,04-02 10:08
16,有点意思东方财富不断创新低，当前最低价18.83目前18.90，看看还能创新低价,未知,04-02 10:52
16,千万压住了，别涨,未知,04-02 10:51
16,目前这个位置还在半山腰啊,未知,02-03 10:26
16,18.98买入，赌这里是中、短期底部。,未知,04-02 10:51
16,筹码已经散到16%以上了，散户不割肉是毫无希望的,未知,04-02 10:51
16,底在哪里？,未知,04-02 10:47
16,坐好扶稳，火箭要发,未知,04-02 10:47
16,这个公司前景还是很好的，坚持拿着吧,未知,04-02 10:47
16,谁敢横刀立马，唯我银行将军！在绝对实力面前，尔等必须绕行……,未知,04-02 10:46
16,下跌是创业板票，上涨是主板,未知,04-02 10:46
16,最迟节后必破前低，坐等,未知,04-02 10:45
16,18.91十倍增仓开新仓更佳,未知,04-02 10:16
16,十元以下再买！,未知,04-02 10:44
16,会打牌不,未知,04-02 10:43
16,融券才能赚钱,未知,04-02 10:23
16,反弹最少的最先又要创新低的散户大本营名不虚传,未知,04-02 10:42
16,航空母舰熄火了。一举不振,未知,04-02 10:41
16,接着砸，反正有银行护盘，死不了人,未知,04-02 10:40
16,本散觉忘了，36的本，,未知,04-02 10:40
16,大盘大涨你小涨，大盘小跌你大跌，扎心了,未知,04-02 10:19
16,弱弱的问一下，东方财富2026年4月17日，定增解禁，是什么意思！,未知,04-02 10:39
16,再卖，纯纯割肉卖。哈哈。,未知,04-02 10:39
16,易方达基金高位接盘后至少己经浮亏5亿以上，不过反正是基民的钱,未知,04-02 10:18
17,15左右介入，不要追高，第n次说了。这票散户基数巨大，还在减持中,未知,04-02 10:39
17,在18.8-19.2做一个短暂平台后，将延续进一退九的模式至2027年中期……,未知,04-02 10:39
17,东财，咱啥时候，一次性跌到位置，别这么墨迹墨迹。,未知,04-02 10:38
17,受不了了啊,未知,04-02 10:17
17,加油，10元等你！,未知,04-02 10:36
17,3月份科技回调4次，每次大跌换去，都是十几个点大肉，给机会都不中用的散户，哈哈,未知,03-31 10:08
17,到18元以下也就差不多了，继续吧,未知,04-02 10:36
17,18.89十倍抢筹增仓。开新仓更佳,未知,04-02 10:36
17,收盘价18.18,未知,04-02 10:35
17,看技术指标，下跌才刚开始,未知,04-02 10:34
17,别人一直做空，不会涨,未知,04-02 10:33
17,18.94十倍抢筹增仓上板开新仓更佳,未知,04-02 10:33
17,买买买下午涨停了，速速买入,未知,04-02 10:32
17,每天三个字送给它…,未知,04-02 10:31
17,各位买了东财的服不服,未知,04-02 10:05
17,继续守着不回本不卖,未知,04-02 10:31
17,指数反弹百点有余，可东财今儿又将创新低了……,未知,04-02 10:01
17,注意风险。别不信邪真会补缺口。,未知,04-02 10:30
17,在17.5等你，满仓抄底,未知,04-02 10:29
17,东方财富都去哪里了？,未知,04-02 10:29
17,别装了18.12,未知,04-02 10:29
17,知道你跌不动了，8成仓，19下方加满,未知,04-02 09:42
17,跌的目的就是为了涨，跌倒10不是更便宜。你只要不卖跌倒10主力能买到吗？他买不到,未知,04-02 10:12
17,机会是跌出来的，风险是长出来的，随时都适用,未知,04-02 09:53
17,18.89十倍增仓开新仓更佳。t仓加量,未知,04-02 10:27
17,压得魂飞魄散,未知,04-02 10:26
17,东方财富这个价格行为，还没听到有恐慌的人叫声,未知,04-02 10:25
17,券商的逻辑是跌几年然后用几天时间跑路,未知,04-02 10:03
17,创新低，,未知,04-02 10:24
17,先出来吧，跌到15再进。,未知,04-02 10:24
17,@秒想,未知,04-02 10:23
17,砸盘主力,未知,04-02 10:23
17,用1.1万手砸破18.90！居心何在！,未知,04-02 10:23
17,看来今天又得创记录地量,未知,04-02 10:22
17,只有熬了，22块多的本,未知,04-02 10:22
17,弱弱的问一下，东方财富4月17日是不是还有机构减持，不得跌破16元么？,未知,04-02 10:21
17,下面五档都有大托单，必须砸,未知,04-02 10:21
17,回十块让大家都满仓吧,未知,04-02 10:21
17,券商这么好的业绩跌几个月没一次反弹也是无语了,未知,04-02 10:21
17,进入四月份了，准备缓步慢跑进入月线8连阴，实现维护市场稳定目标。,未知,04-02 10:21
17,人气股行业领跌,未知,04-02 09:50
17,请问大佬们，这票快到五日新低了，敢入手了吗，还是会继续跌呀。想在这只票上建仓敢不,未知,04-02 09:49
17,狼来了,未知,04-02 10:19
17,埋了吧，不听劝,未知,04-02 10:19
17,从24年10月3倍拉升，直到现在他都在出货。从9块多起涨的。所以起码应该跌到十三,未知,04-02 09:49
17,今天要创新低。不能接盘。尾盘再看。,未知,04-02 10:19
17,一段时间来各大平台天天鼓吹，证券可买入，大批散户进入，都以为调整到位，哪知道,未知,04-02 10:18
17,做空责无旁贷,未知,04-02 10:18
17,卸载软件,未知,04-02 10:17
17,继续新低来了,未知,04-02 10:17
17,有本事跌个5%或10%看看，就爱看热闹,未知,04-02 09:53
17,比恒生科技还难熬,未知,04-02 10:16
17,拉白酒拉银行。这里继续空源源不断的抛深不见底。太夸张啦,未知,04-02 10:15
17,都觉得抄在最低点，以为主力会来抬轿子，看看不断增加的股东人数就知道什么情况了,未知,04-02 10:15
17,这么好的位置，这么好的价格，呼叫度小满，360，京东金融，花呗，我要抄底，可以吗,未知,04-02 09:56
17,涨一天跌三天，涨一毛跌三毛,未知,04-02 09:54
17,大盘破前低需要券商来出力，16.xx的缺口今年肯定要补掉。,未知,04-02 10:01
17,每一次反弹都是出货，再创新低,未知,04-02 10:14
17,必创新低，没有悬念。,未知,04-02 10:13
17,地板了,未知,04-02 10:13
17,亏十头牛，昨天回一只鸡，这只鸡又要拿回去，还要亏头牛。,未知,04-02 09:32
17,……,未知,04-02 10:10
17,这玩意，打一步，退三步啊,未知,04-02 10:10
17,这个股吧唱多的太多了，像东旭蓝天一样，唱着唱着就退市了,未知,04-02 10:10
17,放长线钓大鱼，调整就是抄底机会，六月起飞！！！,未知,04-02 09:38
17,下降趋势千万管住手,未知,04-02 10:07
17,7元以下可以建仓！,未知,04-02 10:07
17,别扛了继续跌,未知,04-02 10:06
17,物极必反。,未知,04-02 10:05
17,昨天兴奋的今天还兴奋吗。哈哈哈哈,未知,04-02 10:05
17,，天天下跌，分红也少！,未知,04-02 10:05
17,跌起来你是第一名,未知,04-02 10:04
17,狠狠跌，最好破18，演戏演全套,未知,04-02 10:04
17,又要开跌了。,未知,04-02 10:03
17,别跌了，我加两次仓了，都是你拉高加的。。。,未知,04-02 09:47
17,收割机,未知,04-02 10:01
17,市场总是变个不停，以前有效的策略现在可能就得扔进历史垃圾桶了,未知,04-02 10:01
17,60个交易日内，资金流入加起来不足10天，资本是毫不留情地抛弃了啊！,未知,04-02 10:00
17,按照一季度大盘成交量及指数推算，一季度业绩应该比25年增长50%以上,未知,04-02 09:16
18,东方不败吧,未知,04-02 09:59
18,今天绝对大跌一句话跑。,未知,04-02 09:30
18,加仓锁仓加仓锁仓,未知,04-02 09:58
18,15元必到,未知,04-02 09:57
18,昨天是拉高出货？,未知,04-02 09:56
18,10元再来,未知,04-02 09:56
18,19以下三十倍增仓一次。开新仓更佳,未知,04-02 09:49
18,看来又要跌三年,未知,04-02 09:54
18,10元见,未知,04-02 09:36
18,券商韬光养晦，蓄势待发。。。该表现表现了！,未知,04-02 09:53
18,10是支撑位,未知,04-02 09:53
18,连看像样的反弹都没有。,未知,04-02 09:52
18,亏人的一天,未知,04-02 09:49
18,臭,未知,04-02 09:49
18,不到24年的10大底不加仓,未知,04-02 09:49
18,坚定到15再补仓…,未知,04-02 09:48
18,这券商真是叫人佩服，散户人太多，不会涨的。,未知,04-02 09:47
18,继续新低,未知,04-02 09:47
18,一有风吹草动，就砸券商,未知,04-02 09:47
18,卖不完根本卖不完,未知,04-02 09:47
18,18.96十倍增仓开新仓更佳上板,未知,04-02 09:47
18,收盘18.80,未知,04-02 09:46
18,来一个套一个,未知,04-02 09:46
18,看资金东方财富主力去向已决,未知,04-02 09:46
18,真了,未知,04-02 09:46
18,吃不了一天饱饭,未知,04-02 09:45
18,大三千三，这才会发力,未知,04-02 09:45
18,出了下跌，还会别的吗？kao,未知,04-02 09:41
18,19.01十倍增仓。t仓41000倍入上板开新仓更佳,未知,04-02 09:41
18,真的怕,未知,04-02 09:41
18,现在这个位置没有放量，15.30.60都不允许有缺口，补完先！,未知,04-02 09:40
18,机构出货短时间是一点反弹的动作都没有,未知,04-02 09:40
18,有我银行在手，一切利空一切黑天鹅一切利好都是浮云，相信我指数必将稳好泰山！,未知,04-02 09:40
18,昨天的韭菜们继续买啊,未知,04-02 09:38
18,……,未知,04-02 09:36
18,昨天应该又骗进来不少人,未知,04-02 09:36
18,证券ETF第一权重马上变为中信证券,未知,04-02 09:36
18,本色,未知,04-02 09:34
18,各位股神，今天是不是要低开高走,未知,04-02 09:33
18,给我狠狠地砸,未知,04-02 09:33
18,今天又要压盘了,未知,04-02 09:24
18,就不能扛起大旗吗？,未知,04-02 09:32
18,19.1附近T入40000倍t仓。同步十倍增仓等涨停,未知,04-02 09:27
18,没有高开低走，那就低开低走。,未知,04-02 09:30
18,底部区域，见17建仓更合适,未知,04-02 09:12
18,该说不说，东方财富证券的PC客户端真不错。,未知,04-02 09:26
18,看看那些激动吹牛的呢,未知,04-02 09:26
18,一天30亿交易量，对比24年高峰期900亿交易量，只能说毫无资金关注，没有任何可,未知,04-02 08:30
18,昨天刚进来，今天能盈利不？,未知,04-01 07:29
18,江湖路远，持仓6年，再也不见，清仓走人,未知,04-01 11:30
18,指数从3800反弹到3950，这个笔连19块都要摇摇欲坠，上个月跌了16个点，简,未知,04-01 03:50
18,明天估计要涨停了。,未知,04-01 10:42
18,今日择机进场操底建仓！机会来了！！,未知,04-02 05:48
18,22本，今年能回本吗,未知,04-02 08:19
18,差不多抄底了,未知,04-02 07:38
18,股票好不好看跌多少！,未知,04-02 06:55
18,连板走势,未知,04-02 07:22
18,今天要涨了,未知,04-02 08:12
18,股民们好大家炒股还好吗？我从广发到国信现又到东财炒股20年从牛市到熊市本金赚回又,未知,04-02 07:55
18,对子底可以买了,未知,04-02 06:30
18,业绩杠杠滴，就是不涨，我也是晕了,未知,04-02 06:51
18,这个股跌到这程度，昨天在大盘带动下肿了这一点，吧里立马就有好多人激动了。哎，所以,未知,04-02 07:28
18,可以,未知,04-02 07:11
18,东方财富业绩增长63.2%，为啥就是不涨反而大跌，这是主力故意洗盘的手法吗？还是,未知,04-02 06:49
18,韭菜们，今天改清仓了，坐等破18来抄底,未知,04-02 06:14
18,$东方财富(SZ300059)$,未知,04-01 08:05
18,东方财富一直持有，亏的是不亦乐乎，我理解券商可能是故意压着不让涨，因为该板块权重,未知,04-01 09:24
18,再次强调：现在券商就放心买大胆买，耐心持股，风水轮流转！！！,未知,04-01 09:18
18,$东方财富(SZ300059)$,未知,04-02 05:59
18,今天买长盈精密,未知,04-02 03:16
18,1919踩上1818。冲啊,未知,04-02 12:26
18,说实话，一年不要关注，年底再来看，还是19元,未知,04-01 10:40
18,左手创新药，右手券商，继续熬,未知,04-01 04:44
18,惊讶发现，月K已七连阴了！啧啧啧……,未知,04-01 04:35
19,满仓持股东财的第366天。股票唯一长期盈利的方案就是长拿，侧重只买不卖，每年的卖,未知,04-01 01:23
19,月黄线守得住吗？,未知,04-01 10:42
19,主力手里还有多少货？怕不是融券做空，别给自己完爆了,未知,04-01 11:10
19,19.2已进入，我宣布，东财已经调整到位，即将启动，顺便说一句东方财富是A股最好,未知,04-01 11:20
19,今年争取过31元,未知,04-01 10:20
19,来来，涨,未知,03-03 11:30
19,明天的剧本小幅高开然后又是祖训。,未知,04-01 10:45
19,20260401,未知,04-01 05:59
19,不管怎么说，今天是所谓愚人节，什么都别太当真！,未知,04-01 10:29
19,低位19.19是求救信号，呼唤同道别破关健位，长长久久，要救，要久！是稳了吗，还,未知,04-01 05:51
19,券商板块今日集体回暖，东财领涨，板块轮动行情正式启动。,未知,04-01 04:15
19,请问可以来抄小底底吗？小姐姐们,未知,04-01 09:31
19,A股三大指数收报：3948.55，13706.52，3247.52。沪深京三市成,未知,04-01 09:39
19,老夫梭哈，啊哦啊哦哦,未知,04-01 09:34
19,排名又上去了明天又可以收割一波了,未知,04-01 09:13
19,我就想不明白，券商是领头羊，科技已经大红，为什么券商不动呢？,未知,04-01 09:06
19,没有放量到21块，我坚决不补仓！,未知,04-01 08:31
19,兄弟们，今天刚进来，需要注意什么？,未知,03-31 02:36
19,一九一九好朋友,未知,04-01 08:43
19,券商为什么从牛市骑手沦落为拖油瓶？,未知,04-01 07:45
19,经过今天高达1.5%的暴涨，东财的筹码峰获利比例达到惊人的3%，在为97%的人感,未知,04-01 08:10
19,今天这走势，是要反转？,未知,04-01 01:17
19,东财今日探底回升收红，主力洗盘完毕，满仓拿稳，坐等主升浪。,未知,04-01 07:13
19,19.8的本，今天涨了点还没回本，要不要补仓，求大佬指点,未知,04-01 07:09
19,他猫，我也是回本之路,未知,04-01 07:39
19,又一地！4月1日起，中通、圆通、申通、韵达、极兔在山东区域同步上调价格，3kg以,未知,04-01 06:46
19,满仓满融回来,未知,04-01 05:50
19,对比中信、华泰，东财弹性更足，板块反弹它会率先发力。,未知,04-01 04:16
19,5月K21.3元总要摸一下吧,未知,04-01 05:02
19,16.86缺口应该都会补上，跌了半年多了，均线全部往下发散，反弹无力，短期有也是,未知,04-01 04:40
19,蹭AI金融热点，东财布局AI赋能，新业务将带动业绩爆发,未知,04-01 04:45
19,今天表现的确有些拖后腿,未知,04-01 04:43
19,能不能涨回26,未知,04-01 02:46
19,这日子啥时候是个头,未知,04-01 04:32
19,蹭券商利好热点，东财作为龙头，直接受益，后续行情可期,未知,04-01 04:28
19,新手别满仓梭哈，东财波动大，分批建仓，控制好仓位最重要,未知,04-01 04:26
19,23的本，这个月能回本吗？,未知,04-01 03:06
19,东财长期逻辑不变，定投分批买，不追高，稳稳拿住等收益,未知,04-01 04:21
19,围观股吧吵架，看多唱空互怼，东财吧还是这么热闹,未知,04-01 04:21
19,呦喉。。金叉了,未知,04-01 04:14
19,吐槽主力磨盘，跌了大半个月，今天才涨1.59%，太磨人了。,未知,04-01 04:18
19,东方财富您好！,未知,04-01 09:59
19,19.19要走要走！！别不听,未知,04-01 04:09
19,数字挺好,未知,04-01 03:37
19,19.19，要救市吗,未知,04-01 03:57
19,压大盘了,未知,04-01 03:51
19,因为散户不可做空，如果可以做空，牛短熊长要逆转,未知,04-01 02:36
19,非银金融重大利好,未知,04-01 03:36
19,2025年一季度，东方财富归属净利润为27.15亿元，同比增长38.96%。若2,未知,04-01 02:43
19,开门红，哈哈哈,未知,04-01 03:28
19,哈哈，牛丶真牛，就拔三毛，多点都不给,未知,04-01 03:28
19,你啊一个月红一次,未知,04-01 03:13
19,还能交易吗,未知,04-01 03:15
19,从前年日成交量900亿到如今每日二三十亿，这中间发生了什么？,未知,04-01 03:11
19,看到原油大跌，今天你资金是流入的，如果原油晚上还收跌，明天会不会证券板块去上攻沪,未知,04-01 03:13
19,这个股就是日内波动太小，做T太难了,未知,04-01 03:11
19,牛逼呀,未知,04-01 03:07
19,机构：证券行业防御与反弹攻守兼备,未知,03-31 09:28
19,尾盘买进了底仓，鬼使神差买了证券，啥情况呀这票？,未知,04-01 02:55
19,1919收盘,未知,04-01 02:51
19,大爷，把这股走成这样,未知,04-01 02:54
19,这票挂的量化,未知,04-01 02:52
19,散户太多，证券还得跌，证券跌那就是大盘还得回落，至少回踩到3700,未知,04-01 02:52
19,我发现：一年K线图，去年3月到今天，大部分股票都是东方财富这走势。只有6月和8月,未知,04-01 02:15
19,分红,未知,04-01 02:46
19,这个价买不了吃亏上当，日K上方有三根缺口，总是要回补的,未知,04-01 02:42
19,我好恨！我好恨！我好恨！,未知,04-01 02:35
19,这么横着正在等接盘侠,未知,04-01 02:40
19,券商太尴尬，不敢涨，他一涨大盘分分钟干到4500,未知,04-01 02:38
19,买这货太后悔了,未知,04-01 02:42
19,太垃圾,未知,04-01 02:40
19,27.47的本何时能解套,未知,04-01 02:34
20,马德，券商股两年，都不涨，还是牛市吗？,未知,04-01 02:30
20,走了，实在看不到希望了,未知,04-01 02:37
20,日经225指数收涨5.24%，报53739.68点。韩国综指收涨8.44%，报5,未知,04-01 02:34
20,你和指南针有啥区别，你去靠它的市盈率啊,未知,04-01 02:33
20,没什么分歧没人想买也没人想卖,未知,04-01 02:24
20,还得收绿，开盘价都过不去，一个字跑,未知,04-01 02:32
20,证券不动大家不动,未知,04-01 02:32
20,没有量，今天没戏了,未知,04-01 02:30
20,"鸭子嘴硬,",未知,04-01 02:29
20,主力收在20以上啊，要不然我就清仓了啊,未知,04-01 02:19
20,今天进的明天埋，明天进的当天埋，股性如此.,未知,04-01 02:28
20,又来矢量素材啦，看今天的交易额，再看一遍走势图哦！,未知,04-01 02:26
20,今天回踩15分钟55线未破，应该慢慢走稳了,未知,04-01 02:25
20,2024年10月24的时候，阶段最低1883，后面开始一轮行情。2026年3月3,未知,04-01 02:24
20,买买买买,未知,04-01 02:23
20,期待一季报中自营业务能改善0.23。,未知,04-01 02:22
20,18来了，16还远吗？？？,未知,04-01 02:20
20,自己去看看高盛目标价16.8任何反弹都是减仓逃命的机会为什么这么弱就是因为还没到,未知,04-01 02:01
20,太一致了，两天的行情一天走完，估计又要跌一周。目前原油也不可能直接A杀下去。,未知,04-01 01:55
20,希望你能帮我拉上去，我须要吃肉,未知,04-01 02:13
20,20.5的本，这个月能回吗？,未知,04-01 02:12
20,上涨无量，下跌有量了,未知,04-01 02:06
20,收盘能守住五日线就是奇迹了,未知,04-01 02:11
20,19.12十倍抢筹增仓开新仓更好越跌越买建仓越安全,未知,04-01 02:10
20,以后两个点卖，尾盘再接回来,未知,04-01 02:08
20,哥我错了,未知,04-01 02:07
20,一点吗？,未知,04-01 02:07
20,每下5毛加一成仓位，只亏时间不亏钱,未知,04-01 02:07
20,感觉有点跌不动了,未知,03-30 06:52
20,老剧本，冲高下杀，收盘大跌！,未知,04-01 01:46
20,这个和中信，走势永远是向下，一年大概有几天是领先，远不如银行,未知,04-01 01:50
20,[图片],未知,04-01 02:03
20,19.13十倍抢筹增仓开新仓更好破31,未知,04-01 02:02
20,19.20十倍抢筹增仓上板，开新仓更佳,未知,04-01 10:40
20,在砸盘这件事上，DC，从不让人失望。,未知,04-01 02:02
20,恐慌情绪在不断蔓延，静观其变！外围消息在扰动，等待释放的一天来临，慎行慎行。,未知,03-31 02:49
20,冲了一天，还没开盘高，明天又是关灯的日子,未知,04-01 02:01
20,不愧是板块龙头,未知,04-01 01:52
20,不长就算了，怎么还下跌呢我服了,未知,04-01 01:59
20,东财涨不上去，跌不下去，要死不活的,未知,04-01 01:58
20,收盘会不会跌一个点呀，好怕,未知,04-01 01:49
20,每日一跳开始了,未知,04-01 01:56
20,今天会不会创新底！！！,未知,04-01 01:49
20,这个鸟股什么时候卖出都是正确的选择,未知,04-01 01:51
20,又可以砸了,未知,04-01 01:50
20,19.17十倍抢筹增仓开新仓更佳。上板破31,未知,04-01 01:44
20,今天可以拉升吗？东财东财@妙想,未知,04-01 01:23
20,证券就是搞笑来的，我好久都没有操作证券板块的欲望了，静静地看他表演,未知,04-01 01:45
20,出货了吗,未知,04-01 01:45
20,哈哈我们明天卖货高价,未知,04-01 01:44
20,五日线不可能破的,未知,03-25 02:22
20,又开始砸了,未知,04-01 01:43
20,太差了,未知,04-01 01:43
20,告诉大家个好消息，大盘已经成功走出底部了，返回3月20日位置。而3月20日的位置,未知,04-01 01:41
20,都能涨，就这货不能涨，那干脆就继续砸吧，把其他的也拉下来,未知,04-01 01:41
20,没量！还是不行！,未知,04-01 01:40
20,这点量能红就偷着乐吧，明天继续阴跌,未知,04-01 01:37
20,涨的没有跌的多，纯粹是跟着大盘凑数的，整个板块,未知,04-01 01:37
20,磨半天了，要下来快点,未知,04-01 01:37
20,自去年发动的这波牛市，玩证券的太可怜了，还要亏钱,未知,04-01 01:36
20,好家伙，亚太股市就属大A反弹涨得最多，四川人民发来贺电！,未知,04-01 01:36
20,地量,未知,04-01 01:36
20,缺口补了，你要撤退吗,未知,04-01 01:35
20,又是老套路！指数涨！,未知,04-01 01:35
20,买银行买指数比券商好多啦,未知,04-01 01:34
20,各大指标都补了3月23缺口了，就差证券板块和北证50，这不说的就是你。,未知,04-01 01:33
20,两点半直线拉升,未知,04-01 01:33
20,今天不上20，明天全出。,未知,04-01 01:32
20,月线7连跌，4月在跌就8连跌了,未知,04-01 01:30
20,咸鱼难翻身,未知,04-01 01:28
20,别涨啊,未知,04-01 01:27
20,散户大本营，哈哈,未知,04-01 01:26
20,太拉了,未知,04-01 01:24
20,拉一把券商不就上4000了吗,未知,04-01 01:22
20,坐等这波行情开始，暴力拉升，看到4500点。,未知,04-01 01:05
20,创新药20%美诺华抄底,未知,04-01 01:17
20,[赞][爱心][献花],未知,04-01 01:15
20,这个位置还是可以博一下的,未知,04-01 01:15
20,claudecode不小心开源，利好东方财富的AI功能【ClaudeCode源码,未知,04-01 01:15
20,走势稳如,未知,04-01 01:14
21,……,未知,04-01 01:13
21,满仓了，这一波25--30分批撤退,未知,04-01 01:13
21,今天的东财，真是强的一批啊,未知,04-01 01:13
21,19.20十倍抢筹增仓。上板。破31,未知,04-01 01:11
21,加仓加仓加仓加仓满仓干！坐等庄家拉升！冲冲冲冲冲冲冲冲冲冲冲冲冲冲冲冲冲冲冲冲冲,未知,04-01 01:10
21,你不压散户可回本了,未知,04-01 01:09
21,摇摇欲坠，随时被砸。,未知,04-01 01:09
21,超跌反弹下跌趋势不变融资盘不爆仓不会拉升,未知,04-01 12:57
21,周线缺口还没回补,未知,04-01 12:49
21,还是继续看空我融券！保证要跌的！！不信看着吧,未知,04-01 11:09
21,来个15元的大宗交易继续砸盘,未知,04-01 12:48
21,先出去，明天跌再接回来,未知,04-01 11:46
21,大家好,未知,04-01 12:45
21,止跌了，资金开始流入了。抄底啊兄弟们姐妹们,未知,04-01 12:35
21,主力拉一半又不干活19.30真冲不过去？,未知,04-01 11:40
21,底部买入输时间不会输钱！！！！,未知,04-01 11:46
21,打史不放量,未知,04-01 12:19
21,不适合1919适合2222,未知,04-01 12:15
21,是真能绿,未知,04-01 12:07
21,下午真能绿吗,未知,04-01 12:00
21,希望股民们记住东方财富，这就是资本，历史上生动一课。,未知,04-01 11:05
21,券商板块领头羊是谁静等火箭发射,未知,04-01 10:48
21,下午应该没得机会跑了，又套牢一大批，明天大盘绿0.几，这货最少两个点,未知,04-01 11:52
21,弱势难改还有很多货需要出短时间内难好今天幸亏指数大涨,未知,04-01 11:45
21,东财的家人们真是价投者啊,未知,04-01 11:45
21,最多值9.8,未知,04-01 11:43
21,高开就给量化留了足够盈利的空间了，所以必然抛出一大批，等回落后又吃回来。量化的资,未知,04-01 11:39
21,又低于开盘价，下午会戴吗？,未知,04-01 11:36
21,券商里跌得最久最多那几个，反弹时就今天看来也是最少那几个，这种票就应该扫进垃圾堆,未知,04-01 11:22
21,4月17日解禁股的股价是多少？哪位朋友知道？2.38亿股,未知,04-01 11:06
21,笑死了那个假神，天天在这分析来分析去没一次对的，一路看多一路下跌，说了一句他对不,未知,04-01 09:23
21,"有500股成本价20,6元。要有盈利还要等好久呢。",未知,04-01 11:29
21,涨的真好呀,未知,04-01 11:29
21,大胆预测东财四月份的走势:月初反弹3-5个点，月中继续阴跌往下，月底绿色收盘！月,未知,04-01 11:28
21,还得绿,未知,04-01 11:28
21,各位大佬，东财何时走出深坑？,未知,04-01 11:22
21,今天买的要么是新手，要么是，都知道今天大涨明天大跌，A十次有十一次都是这么量,未知,04-01 11:25
21,快跑,未知,04-01 11:15
21,24买进去一直砸盘,未知,04-01 11:24
21,当你认为要涨的时候，就跌给你看,未知,04-01 11:24
21,下跌如山倒，上涨如抽丝。,未知,04-01 11:23
21,终于不用爆仓了，希望下午突破缺口，不然又是废,未知,04-01 11:21
21,欲望越强，破绽越多。无欲无求，安安全全,未知,04-01 11:19
21,没戏，压死了，连昨天的高度都到不了，大盘都带不动,未知,04-01 11:18
21,太弱了，跑,未知,04-01 11:15
21,午后直线拉升,未知,04-01 11:14
21,只有破了10元才会反转,未知,04-01 11:13
21,好人不会劝人买股票因为懂得都懂,未知,04-01 11:13
21,今天大盘要补上方缺口必须要动用券商板块才可顺利坐稳，券商才是我们散户的定海神针。,未知,04-01 10:44
21,留下的发财,未知,04-01 11:10
21,分时双头形成，看来涨不动了啊,未知,04-01 11:09
21,世人只知涨价可以赚钱殊不知只要有差价都能赚钱的,未知,04-01 11:09
21,反弹中是最容易亏钱的因为此时散户欲望最强管不住手钱自然就送进来了,未知,04-01 11:01
21,钝刀割肉,未知,04-01 11:02
21,没有量啊,未知,04-01 11:07
21,吃掉19.3追上中信,未知,04-01 10:54
21,低吸撤了，有时候真不是不格局，是真的格局就砸。,未知,04-01 11:06
21,二次未上冲19.29，下午又开始向下萌冲了，它很乖哦。与肩商指数基本一致走势，不,未知,04-01 11:05
21,已满仓东财的拿好筹码31以下不减仓。否则你越做越被动,未知,04-01 10:42
21,没有人应该比我的成本更低了吧,未知,04-01 10:55
21,涨停一次又如何？,未知,04-01 11:00
21,主力真会玩,未知,04-01 10:58
21,财神爷今天千万别砸场子哦,未知,04-01 10:58
21,求求你我的财神大人今天千万别砸盘啊,未知,04-01 10:57
21,22.6的成本，20我就割肉，让我少亏一些！！哥,未知,04-01 10:51
21,大盘眼看都要补缺了,未知,04-01 10:55
21,别涨太多,未知,04-01 10:52
21,奉劝大家别进,未知,04-01 10:51
21,是该你表现一下了！,未知,04-01 10:51
21,多涨点,未知,04-01 10:51
21,反弹看看就行别嫌自己钱多憋得慌硬要拿出来买,未知,04-01 10:49
21,没量，又是骗人接盘，量化做T,未知,04-01 10:45
21,一买就套,未知,04-01 09:39
21,加油补缺口去,未知,04-01 10:45
21,没有量，成交额能达到80亿样子才行,未知,04-01 10:45
21,今天只是借外围情绪掩护量化出货，注意风险,未知,04-01 10:38
21,坚定17-18之间抄,未知,04-01 10:38
22,普大喜奔，解套啦,未知,04-01 09:33
22,大半年还在磨底，证券股上涨无量，在干嘛呀,未知,04-01 10:41
22,有没有T飞了的？,未知,04-01 10:34
22,券商的强势回归很快来到,未知,04-01 10:10
22,券商做空市场,未知,04-01 10:40
22,庄家拉到23.5，我带上我家里腊猪脚，去给你免费给打扫厕所一个月，，说到做到,未知,04-01 10:20
22,业绩超长发挥大家知道几个亿,未知,04-01 10:37
22,十个涨停,未知,04-01 10:36
22,害老子错过2个亿！,未知,04-01 10:36
22,19.99抄底的，买完就一直跌,未知,04-01 10:36
22,小心量化交易昨天那个走势,未知,04-01 10:27
22,没得万手哥。东财、券商没希望,未知,04-01 10:26
22,涨不过中信，要你何用,未知,04-01 10:30
22,下午50万手点火,未知,04-01 10:30
22,目前的量能只能维持不跌，涨就别多想了！,未知,04-01 10:28
22,买你家股票亏钱，还要给你手续费，我要换软件。,未知,04-01 10:27
22,还会下穿19元，拿技术指标、走势图说事的，庄家操盘手难道不会看,未知,04-01 10:27
22,跌的时候夸夸四五个点。涨起来一两个点。没救了,未知,04-01 10:25
22,把周五卖的弄回来，明天喝口汤应该没多大问题！,未知,03-30 03:30
22,19.23十倍抢筹增仓上板。开新仓更佳,未知,04-01 10:12
22,今天居然是垫底,未知,04-01 10:18
22,别做梦了，想回本换股！,未知,04-01 10:18
22,快跌到18以下,未知,04-01 10:17
22,18.45是个安全的江恩价格,未知,02-24 03:17
22,我的天一百多万股东,未知,04-01 10:15
22,又套了一批！,未知,04-01 09:57
22,跌的多涨的少？,未知,04-01 10:03
22,分时图可以看出未来几天的走势都是很疲软无力的,未知,04-01 10:13
22,19.15十倍抢筹建仓增仓。中信证券24.3十倍抢筹建仓增仓。上板,未知,04-01 09:41
22,a股是跟着东财跟中信走的,未知,04-01 10:11
22,今天又是换大跌调整的科技股的机会，好几次大跌后反弹十几20个点机会,未知,03-31 09:58
22,不要再打压了，涨5个点行不行？,未知,04-01 10:11
22,你M就看着我手里那点筹码一卖就涨,未知,04-01 10:11
22,又被洗跑了,未知,04-01 10:11
22,量化又开始了？,未知,04-01 09:52
22,证券行情为什么死的这么惨？2026年首季总成交量同比增长是66.28%。,未知,04-01 09:04
22,，这套了一批,未知,04-01 10:09
22,傻傻的还在等，你还以为会跌吗？主力都开始抢筹了,未知,04-01 10:09
22,分时图上多次筑顶回落后续继续看无力,未知,04-01 10:08
22,今天收盘价20.26,未知,04-01 10:08
22,感觉要涨了,未知,04-01 10:06
22,好厉害啊，一拉证券大盘就直上涨,未知,04-01 10:06
22,听说涨瀑4%，不知为什么？那4达克+标不哥,未知,04-01 05:36
22,券商没有涨的逻辑，指数已经不用他来稳了，散户越来越多套牢盘越来越重，抖音都在说券,未知,04-01 10:03
22,今日券商反手做多，引领大盘,未知,04-01 10:03
22,能不能像个爷们，拉一下，一点信心都没有了,未知,04-01 10:02
22,汇金持有不会涨的，走了。,未知,04-01 10:02
22,啥也不是,未知,04-01 10:02
22,再下来，明天割掉全部买指数以后不看盘了,未知,04-01 10:01
22,渣渣券，真的扶不起来了吗,未知,04-01 10:01
22,16.92有巨大向上跳空缺口不知道会不会回补？,未知,04-01 10:01
22,坚定看到15…忍着…,未知,04-01 10:00
22,收盘绿，这个,未知,04-01 09:59
22,说18块大底的那位出来说两句。你是不是太年轻了,未知,04-01 09:58
22,主力怎么知道。我设置。19.29,未知,04-01 09:58
22,换科技吧,未知,04-01 09:56
22,券商不涨不能趋势。,未知,04-01 09:56
22,呵呵，舒服了吧,未知,04-01 09:55
22,高开低走，不变的剧本！,未知,04-01 09:55
22,高开低走，果然是永远的主题,未知,04-01 09:55
22,散户抱团股不断跌，散户恐慌情绪极高，抢砸,未知,04-01 09:55
22,劵商压盘，渣男,未知,04-01 09:54
22,一季度A股成交额那么高，难道券商不表现一下吗？,未知,04-01 09:54
22,靠，大涨1,未知,04-01 09:53
22,除了A和港，其余好像都在高开高走暴涨啊！,未知,04-01 09:53
22,全球少见的主力机构,未知,04-01 09:51
22,怎么可能涨。尤其是这些汇金系列,未知,04-01 09:51
22,又欧了,未知,04-01 09:50
22,战争马上要结束了，但是我的钱的的确确蒸发了,未知,04-01 09:49
22,走了，换股，多的是,未知,04-01 09:48
22,又要绿了,未知,04-01 09:48
22,昨天说了今天反弹，但是还是会继续下跌,未知,04-01 09:47
22,收盘翻绿，百分百,未知,04-01 09:47
22,会不会像昨天高开后，一直按在均线下面干到收盘！,未知,04-01 09:47
22,快跑咯，不要有幻想,未知,04-01 09:47
22,此股废了+12建仓,未知,04-01 09:47
22,跌很轻松，上涨费劲,未知,04-01 09:46
22,垃圾垃圾,未知,04-01 09:43
22,别的股跌完都百分4-7的反弹，这垃圾今又要暴跌吗,未知,04-01 09:43
