股票代码,页码,标题,时间
300007,1,$汉威科技(SZ300007)$,04-04 07:05
300007,1,这个股票啥情况，亏30个点了，今年还有希望回本吗,04-02 10:00
300007,1,汉威科技:关于为控股子公司开展业务提供担保的公告,04-03 04:11
300007,1,买一成，跌10%再买一成,04-03 10:08
300007,1,汉威科技:第七届董事会第三次会议决议公告,04-03 04:09
300007,1,地量了已经，，这是都在散户手里套着，还是主力大哥拿着,04-03 02:45
300007,1,怂A,04-03 03:54
300007,1,到底了,04-03 08:15
300007,1,什么意思？横盘8天了，以为站稳了，昨天加仓，你就又选择向下，为什么不前天选择向下,04-03 10:18
300007,1,$汉威科技(SZ300007)$,04-03 02:56
300007,1,缺德公司,04-03 02:36
300007,1,没人买了,04-03 02:04
300007,1,我猜这股是最准的，每天缩量阴跌，但是我现在有点害怕了，因为我看到了南都电源，别到,04-03 01:38
300007,1,不相信汉威的，走就行了，不用瞎得得，又不是不让你卖，也没人摁着让你买，相信汉威的,04-03 01:10
300007,1,今天还算好的没跌太猛,04-03 12:57
300007,1,打死都要管住手恐怖，管住手，今天继续暴跌，清明收假后再关注，可能复制上一年清明收,04-03 10:33
300007,1,汉威科技你是遭了了么？,04-03 10:17
300007,1,跟特斯拉一起暴跌,04-03 09:54
300007,1,彻底沦为杂毛股了。。。,04-03 09:51
300007,1,汉威科技：融资净偿还965.67万元，融资余额8.61亿元,04-03 08:59
300007,1,从黄浦江到黄河畔，一场未来产业的双向奔赴,04-01 08:50
300007,1,大家多少的本,04-02 02:36
300007,1,没有5个点和15万手以上阳线。不要看。,04-02 04:18
300007,1,兄弟，割了吧。30了再来。没希望了。给自己留个火种！,04-02 02:42
300007,1,25个点了……杂弄,04-02 02:00
300007,1,割了吗，当韭菜一样的割。太难了,04-02 02:15
300007,1,67.88/2刚好是33块钱，符合个股腰斩公式，冥冥之中自有天意,04-02 02:14
300007,1,没救了，，这股没主力的投降了,04-02 02:12
300007,1,赶紧跑别听狗托的,04-02 02:02
300007,1,跑吧，估计33了,04-02 02:00
300007,1,能不能雄起。主力！差不多了！,04-02 01:56
300007,1,双M顶，彻底形成，33有望反转趋势！,04-02 01:19
300007,1,有病天天不反弹害人,04-02 01:18
300007,1,牛皮癣，爱反复,04-02 01:06
300007,1,清掉9成仓，等30块再入吧,04-02 01:04
300007,1,别着急，不跌到38、36，是不会反转的，跌到那个时候，没准一个大阳线就会收复很多,04-02 11:38
300007,1,想上车汉威科技还没上车的，还是早点上车坐好为妙，随时都有极速拉伸的可能。个人观点,04-01 10:58
300007,1,明天能不能跟上，可能要大涨。,04-01 11:19
300007,1,两眼一黑,04-02 10:24
300007,1,谁有这个票都是一点脾气没有,04-02 10:20
300007,1,还得跌,04-02 10:17
300007,1,汉威科技：融资净偿还634.21万元，融资余额8.7亿元,04-02 09:09
300007,1,58的本怎么办，什么时候脱亏,04-01 09:20
300007,1,这什么股。真的无语,04-01 08:18
300007,1,开盘价43.29，收盘价还是43.29。,04-01 05:43
300007,1,在彼岸三大股指强力大涨的刺激下我大a高开…但是…基本只是高开后平盘走势，并木有向,04-01 05:28
300007,1,好烂啊,04-01 02:01
300007,1,……,04-01 01:58
300007,1,回本了没走，哎量化不灭，没法回本，所有散户都别卖也别买吧,04-01 09:38
300007,1,特斯拉机器人要量产了，看好你苏州产线已经开始小订单供应了,04-01 11:46
300007,1,散了吧，一涨就压盘,04-01 01:09
300007,1,我怕的是汉威科技，现在跟随市场打酱油的资格都快排到倒数了…！,04-01 11:43
300007,1,今天下午会拉一小波到6个点左右，随时可以出货,04-01 11:00
300007,1,死鱼一条，没有主力看上他,04-01 10:51
300007,1,"每天就是垃圾股的走法，1手，10手的买，50,100的卖~……",04-01 10:11
300007,1,财联社4月1日电，人形机器人概念表现活跃，瑞迪智驱涨超15%，斯菱智驱、绿的谐波,04-01 10:10
300007,1,没格局,04-01 10:01
300007,1,真烂啊,04-01 10:01
300007,1,太无耻了,04-01 09:35
300007,1,……,04-01 09:35
300007,1,高开低走，10点跳水,04-01 09:31
300007,1,汉威科技：融资净偿还769.64万元，融资余额8.77亿元,04-01 09:08
300007,1,今天加满仓，坐等庄家抬轿吃大肉！,04-01 12:45
300007,1,涨停都还没回本，躺平了！,03-30 12:42
300007,1,超600家传感器龙头汇聚，这场展览会将于4月中旬在深举行,03-31 12:32
300007,1,很多机器人票都盘好了，你还是这么垃圾,03-31 06:24
300007,1,阶段性底部，就等放量,03-31 04:44
300007,1,走还是不走啊？,03-31 11:19
300007,1,汉威科技：拟使用不超5.00亿元闲置自有资金进行现金管理,03-11 05:15
300007,1,还能这样？？？,03-31 11:18
300007,1,你真是老套路啊,03-31 11:06
300007,1,整个板块都是虚空业务，落地的出货量不大，未落地的技术壁垒难以突破。板块问题，3年,03-31 10:33
300007,1,好学生不受老师待见呀,03-31 09:49
300007,1,为何,03-17 10:59
300007,1,你仍然是上涨如蜗牛下跌如猛兽啊！,03-31 10:07
300007,1,亏19个点了,03-30 02:58
300007,1,汉威科技：融资净偿还360.94万元，融资余额8.84亿元,03-31 08:55
300007,2,嗯，客观来说汉威科技走的还是不错的，上午十点多钟最终也是没扛住压力跳水，跟随市场,03-31 07:00
300007,2,麻木了…,03-30 02:32
300007,2,急需一根中阳转变趋势,03-30 01:47
300007,2,满仓干,03-30 12:56
300007,2,你不是一般的裹脚布，跌的又长又臭,03-30 10:45
300007,2,不用幻想，就是每天阴跌。到一个点位，才会拉一个大阳线,03-30 09:41
300007,2,你是做的吗,03-30 09:28
300007,2,人脑拉起来了，央视记者体验意念操控无人机汉威科技的产品,03-29 09:01
300007,2,全国200家行业企业齐聚郑州，探索“好燃气”如何赋能好房子,03-28 04:28
300007,2,这股牛！！天天跌，没有涨过，这是大股东要卖公司？腰斩式出售公司。,03-26 02:32
300007,2,中燃协车立新：围绕“好燃气”培育新质生产力，助推“好房子”加快落地,03-28 09:57
300007,2,仔细看看下面的图片。,03-28 11:14
300007,2,汉威科技，我上述分析预测中的中长期上涨大趋势，历经一浪建仓二浪调整三浪主升浪，早,03-28 10:59
300007,2,这股我61就买它，今天42了，又买了，等消息，没消息涨不起来，没事做做T降降成本,03-26 09:20
300007,2,底部已确认,03-27 01:18
300007,2,每天资金都净流出几千万，难怪一直跌,03-27 02:56
300007,2,曹丕：大汉，亡了！,03-27 02:38
300007,2,跌一点涨一点就在那里哭天喊地的，烦不烦啊，买了捂住等涨就好了，现在黄金坑，随便买,03-27 01:49
300007,2,没有一点点量，怎么回事了？,03-27 01:24
300007,2,小米电子手套是能斯达提供的吗,03-27 12:08
300007,2,坑劳资的,03-27 01:23
300007,2,许多股票已经稳住了下跌，化工股已经反弹，这个LJ还跌跌不休,03-27 10:55
300007,2,美国机器人上俄乌战场了还不能把机器人拉起来吗,03-27 12:07
300007,2,咱能长个20不,03-27 10:13
300007,2,每天10.30开始跳，笑死了,03-27 10:35
300007,2,作孽啊作孽,03-27 10:51
300007,2,真是死股,03-27 10:38
300007,2,真烂,03-27 09:51
300007,2,CCTV讲故事,03-27 09:51
300007,2,……,03-27 09:43
300007,2,43割了，这票还能到40吗,03-26 03:25
300007,2,汉威科技：融资净偿还1118.6万元，融资余额8.98亿元,03-27 08:56
300007,2,去年33我割肉了，回到33我接回来,03-23 10:22
300007,2,据证券日报报道…＜让资本“长跑”陪伴人形机器人“成长”＞博鳌亚洲论坛2026年年,03-27 06:53
300007,2,周五可能会一直阴跌,03-27 01:19
300007,2,机器人都死光了，脑也玩完了,03-26 01:54
300007,2,据财联社报道…特斯拉机器人有望在今夏启动生产，机器人板块迎重要催化TeslaOp,03-26 08:22
300007,2,【一图看懂】宇树科技IPO获受理，人形机器人产业链全扫描,03-21 07:04
300007,2,什么东西，跟鬼一样，嘛的每天死跌死跌，涨点又来，嘛的鬼公司，不行就别开怒怒怒怒怒,03-26 02:53
300007,2,今天高点卖了,03-26 02:59
300007,2,嘛的,03-26 02:45
300007,2,散了吧，没人来抬轿的，除非是仨比,03-26 02:45
300007,2,垃圾快跑,03-26 01:02
300007,2,人形机器人上战场了？？？,03-26 01:36
300007,2,那2千万的大单来试探的？,03-26 01:46
300007,2,安培龙是他爹,03-26 10:15
300007,2,买房买车干,03-26 11:40
300007,2,55的本，不想补了，跌麻了,03-26 09:08
300007,2,不跟了，就把业务撤了吧,03-26 11:22
300007,2,生无可恋，毫无希望,03-26 11:21
300007,2,作孽啊作孽,03-26 10:54
300007,2,什么鬼玩意啦叽,03-26 10:47
300007,2,满融满仓干,03-26 10:46
300007,2,清了，拜拜,03-26 10:43
300007,2,机器人都两个点以上了，它还是不行…,03-26 10:41
300007,2,这个票里脏东西太多了，每天都是拉一下就疯狂砸,03-26 09:58
300007,2,一群鼠目寸光的玩应儿，涨点就砸？,03-26 09:46
300007,2,赶紧跑，十点准时跳水,03-26 09:41
300007,2,你知道礼拜一跌的，现在涨3天了还回不了周一的本？,03-26 09:48
300007,2,垃圾,03-26 09:34
300007,2,汉威科技：融资净偿还214.82万元，融资余额9.09亿元,03-26 09:00
300007,2,55的本啊,03-26 12:27
300007,2,跌倒大盘3300的时候了，这个拉几。,03-26 07:21
300007,2,垃圾,03-26 06:28
300007,2,63.7进，60.4加，心都碎了,03-25 07:47
300007,2,福莱和你二选一，真踏马后悔选了你，亏20多块一股，还不敢补,03-25 07:49
300007,2,看油价，黄金坑已经出现了，这个时候不抄等啥时候，唱空的一律都是套牢割肉的韭菜,03-25 06:15
300007,2,狗托在评论吹股了，明天一定不涨,03-25 02:29
300007,2,据可靠消息，张半仙已重仓抄底汉威科技……,03-25 06:05
300007,2,看看三大指数，包括机器人50指数全都站上五日线上哈…！！再看看汉威科技…将将触碰,03-25 04:09
300007,2,哪里来的这么多脏东西一直砸,03-25 01:52
300007,2,深跌一下，就可以买了，现在只是大盘带上去的，先守着。,03-25 10:00
300007,2,$603196璞(pu)源材料，尾盘火箭发射，目标24连板，服装转行电池！最近改,03-25 02:19
300007,2,再大的风都把你吹不起来了,03-25 01:59
300007,2,走了走了，跌的比别人多，涨的比别人少，你真丢河南人的脸,03-25 11:20
300007,2,我清仓走了，你们玩吧，又是套,03-25 01:06
